,id,neg_model,pos_model,text,class
0,4173,0.81331515,0.18668488,Repayment holiday on my loan is about to end but am currently unemployed so cant go back to making my original payments. Help please! - ‚Ä¶,0
1,1995,0.9619203,0.03807965,First day at my new new job &amp; my boss is 10 mins late when I was 10 mins early..Hmm.,0
2,1312,0.9797631,0.020236958,Interested in a #job in #Quitman TX? This could be a great fit: https://t.co/7tEt93KQrL #Retail #Hiring #CareerArc,0
3,804,0.0406055,0.9593945,I am seeking a technology facilitator position at a school in the Chicago Suburb or DeKalb County Area. Please DM for resume.,1
4,3226,0.96216816,0.03783185,I got laid off of my job today..... Perfect :/,0
5,1126,0.06958973,0.93041027,I am job searching for: Work at home jobs! http://t.co/4tgcXWg6JK ‚Äî Walker Inklebarger (@Walker_marocliv.... http://t.co/R7ZDddAHBm,1
6,2354,0.026890611,0.9731094,Anyone know of places newly hiring in Sierra Vista Tombstone Bisbee Fort Huachuca Benson or anywhere within 30 miles of here?,1
7,3574,0.8497203,0.15027967,Im unemployed and I dont care Im unemployed and I dont care Im unemployed and I dont care cause Im finally out of that job!,0
8,1698,0.96376306,0.03623698,I quit my job yesterday &amp; got a raise today :),0
9,2177,0.9805855,0.019414473,Searching for #work in Sunderland MA? Send your #resume to Property Star Services Inc.. http://t.co/DwR1sPjGna #gethired,0
10,2755,0.9076335,0.09236651,I am looking for FOUR new It Works business partners who are ready‚Ä¶ https://t.co/BJGIFs4EBy,0
11,5755,0.024081722,0.9759183,yo who job hiring? Im about to quit at the one Im at now those niggas drama,1
12,794,0.041290868,0.9587091,Currently unemployed and I am seeking a f/t permanent NYC or Long Island based marketing or event management position. Please respond to ‚Ä¶,1
13,1006,0.9796857,0.020314295,Interested in a #job in #Iowa 20227? This could be a great fit: https://t.co/mF0himiOZe #NowHiring #GetHired #Engineering #Hiring,0
14,57,0.021375438,0.9786245,Well Ive just been laid off two months before I was supposed to leave my job anyway. Anybody have openings?,1
15,2323,0.048710622,0.9512894,And I remember now why I shut down and didnt do job applications for a while. It makes me very aware of how long I have been unemployed,1
16,6870,0.92787385,0.072126165,Well I am now officially unemployed and sold my car. Thankfully it is all on purpose ahead of my move to Portland.,0
17,5337,0.030633803,0.9693662,Anyone know of places hiring? Macs is pissing me off now and im quitting McDonalds no matter what lol,1
18,717,0.9565705,0.043429457,Apparently I am still working with Avalon honda when I was fired a month ago. I just received a message from... http://t.co/T8ybKo0J2c,0
19,2518,0.4605142,0.5394858,Well I was scheduled for a test for that job position but the fire alarm went off.  Been sitting outside for 30mins and the FPD is here,1
20,4296,0.9235963,0.07640364,Finished a 2 yr nursing program school. Still unemployed ;_;,1
21,4348,0.9757549,0.024245089,https://t.co/EFA2GoapGv #JobSeek.us #Jobs #JobsIN This is an excellent opportunity for driven individuals with 1+ years experience in Private Equity Big Four Transaction Services or Investment Banking that are interested in working in a client... https://t.co/ZTGxst1KoC,0
22,4943,0.018692832,0.98130715,I hate my job  anyone know of any places hiring ???,1
23,3096,0.94077176,0.059228178,Today I quit my Sunday job... Need me a day off dammit,0
24,6278,0.9787648,0.021235222,Looking for a #Oil #Field Drivers Just Get Laid Off??? CDL-A DRY VAN OTR DRIVERS NEEDED NOW #jobs https://t.co/k7dP87w0g8,0
25,6419,0.95903695,0.040963024,I got so fired today guys,0
26,304,0.022560572,0.9774394,I need a 3rd job. Who hiring???,1
27,4945,0.97077054,0.029229462,Anyone seeking an iOS developer ? Resume at http://t.co/BUeVm6VKzi #iosdev #hiring #jobs #objectivec #Swift #xcode,1
28,5654,0.96351874,0.036481302,2 days of unemployment after getting laid off and I have checked my phone to be sure of the day of the week like 47 times... https://t.co/qb25lJlSn7,0
29,2941,0.95798606,0.042013906,I ALSO GOT PROMOTED TODAY  finally have a management position üéâ,0
30,5124,0.04247163,0.95752835,Hey guys. I was laid off from http://t.co/7N4tnSH0ra yesterday. Please let me know if you know of somewhere hiring.,1
31,3170,0.2710543,0.7289457,@laidoffleftout I am also one who is laid off from the construction industry and got a better education who still cant find work. #renewui,1
32,1026,0.9784736,0.021526428,Interested in a #job in #California 20005? This could be a great fit: https://t.co/P1olM6R1xG #NowHiring #GetHired #Hiring,0
33,2911,0.103848495,0.8961515,I applied for 18 positions  same day one phone interview next day a personal interview 2 days later were hired with top pay and benefits.,0
34,987,0.9791439,0.020856114,Interested in a #job in #Ferndale Washington? This could be a great fit: https://t.co/4NUHJqC3Rw #NowHiring #GetHired #Accounting #Hiring,0
35,1824,0.060917597,0.9390824,I am exploring new career opportunities. Linkedin gave me a pretty briefcase icon on my page so Im sharing it here. http://t.co/4x2kBD8MFQ,1
36,2311,0.020322759,0.97967726,Looking for a new job any places hiring ??,1
37,1508,0.037412338,0.96258765,I havent worked in 2 months and place I applied for BEFORE losing my job are contacting me right now,1
38,2077,0.9796663,0.02033371,Looking for new challenges? On @Hired_HQ the best #rails #python #javascript companies compete for you. http://t.co/nQz3gsDbov,0
39,5831,0.94077104,0.059228927,At the part of the new job phase where my head is spinning bc I am starting to be involved but I have no clue whats going on!,0
40,2410,0.022921039,0.977079,Okay who knows of any place that is hiring right now!!!!!!,1
41,2976,0.3370779,0.66292214,I went to a job interview and got offered a supervisor position. Look at God,1
42,3205,0.086039126,0.9139609,Looking for a new opportunity in Seattle as I was just laid off with half of Cheeseburger. Contact me or Shauna Swerland at GloCap with an ‚Ä¶,1
43,6857,0.8721555,0.12784445,Now that I have a job I dont know how working women can have a lazy ass unemployed boyfriend.,0
44,2122,0.9810301,0.018969933,Searching for #work in Lexington KY? Send your #resume to Department of Veterans Affairs. http://t.co/X5aRjrbmPP #gethired,0
45,2316,0.97964257,0.020357415,Looking for a #CERTIFIED #PHARMACY TECHNICIANS (15 New Positions!) #jobs https://t.co/fJwBkDslsr https://t.co/NrMnIefsPd,0
46,1227,0.9793992,0.020600814,Heres a #free #workfromhome opportunity. You have nothing to lose and financial freedom to gain! http://t.co/6awhtL7PS1  #makemoney,0
47,4427,0.020628786,0.9793712,anyone know of any jobs hiring in Lansing????,1
48,6498,0.05354541,0.9464546,Two people in my job position were let go no ones safe so that means job hunting for me,1
49,3350,0.039688077,0.96031195,Im no longer hired she say that i been fired.,0
50,3247,0.041187108,0.9588129,The manager made it clear she doesnt need/want me there after looking at a new job &amp; gave me the option quit or be fired. Why not be nc/ns?,1
51,7600,0.97852373,0.021476284,Recently laid off? Check out the #ILworkNet Layoff Recovery Guide to get back on track with your employment goals! https://t.co/5RUFutgcF8,0
52,407,0.97661746,0.023382556,#Job #NewJersey Community Director Bergen County Area: NJ-Pine Brook Position Purpose This position will impl... http://t.co/EbNuCzFaeP,0
53,3408,0.024143996,0.97585595,Who hiring? I just got fired,1
54,4961,0.019310577,0.98068935,I need a second job like right now! Anyone hiring????,1
55,6476,0.960141,0.039859038,Well I quit my job today.... For the 3rd time,0
56,7519,0.9623197,0.03768029,Today I have lost my job kicked out of my house Lost my girlfriend and all~ https://t.co/S68mZfKQxn #pray #prayer https://t.co/8b7FWjM6e2,0
57,3212,0.032198902,0.96780115,i need to find a new job since im being laid off next month buuut i have no ideas,1
58,5643,0.56516165,0.43483835,Just got laid off... am I too late for recruiting? http://t.co/2585gBm2qc,1
59,5997,0.964071,0.035929084,@Lawwren__ We saw that you need a job we would like to hire you To become a part of or team now go to this page @_YouAreHired_,0
60,7138,0.94176245,0.058237515,RT @dontsave: just wrote a program that updates the drop shadow in my avatar to match the time of day. yes i am currently unemployed,0
61,3661,0.949823,0.05017693,my new job wants me available full-time but only pays me for part-time https://t.co/vW4qyomFKC,0
62,5261,0.6438563,0.35614365,i know there is a link between weight gain and unemployed-ness. as i am sitting here eating a whole box of cookie crisp #smdh,0
63,5730,0.12500715,0.87499285,Looking at job openings on my down time can be pretty sad. Especially as I sit next to the new intern aka an unemployed smarty with an MBA,1
64,6583,0.02013364,0.9798663,Is anyone job hiring ?? I need a job that I could work from like 6-2,1
65,1582,0.9789764,0.021023612,Looking for a job? Assistant Project Manager - Wind Energy Group (IRC11056)Job Details at M. A. M... http://t.co/ZH10ujjfJQ #green #jobs,0
66,1830,0.046089005,0.95391095,Searching for a new job is not easy...,1
67,6573,0.034559503,0.96544045,Anyone hiring junior devs in #Boulder? Friend looking for work:gSchool grad philosopher LSAT teachercurious smart happy to learn,1
68,1376,0.9800496,0.019950459,Job Opportunity: Core Java Developer. Are you a fit? in Weehawken NJ https://t.co/ilJbPYZjkF #jobs #java #equities,0
69,89,0.033509858,0.96649015,I went on a job interview today and broke my sandal and had to duct tape it to my foot so if I dont get hired someones buying me new shoes,1
70,6606,0.98190755,0.018092504,Heres a work-from-home opportunity to explore your passion for #fitness &amp; #nutrition. #hiring #careers #BeTheForce https://t.co/sdzyNSXmEe,0
71,2031,0.9786436,0.021356432,Looking for a new job in 2016? NPA Career Central - Connecting Parking Pros &amp; Employers. Get Hired! Hire Smart! https://t.co/A293evFzvd,0
72,5783,0.4374162,0.5625838,Anyone looking for a job Panera is hiring overnight bakers. One guy just quit and they fired a guy yesterday,0
73,5231,0.7302669,0.26973307,AKA #unemployed: I received an MBA &amp; used it in my business career. Now am using erudite methods to build up my background #dating,0
74,4859,0.022039678,0.9779603,Does anyone know of any shops hiring??yah girl is trying to not work in inglewood anymoreüíÅüò≠,1
75,1561,0.9622496,0.03775043,alright every who needs to pay me back better do it now cuz I just got fired from my job,0
76,4478,0.026938612,0.9730613,Does anyone know any place that is hiring?!? I have the worst luck with jobs.,1
77,4720,0.020655872,0.97934407,Any jobs hiring???,1
78,1345,0.97973186,0.02026818,Interested in a #job near #MESQUITE TX? This could be a great fit: https://t.co/M16Tp4BYc3 #Sales #Hiring #CareerArc,0
79,3683,0.06638768,0.9336123,New job offer opening up a lot of opportunities for me Im very excited about the possibilities,1
80,1554,0.9565147,0.0434853,Got fired from my morning job. Oh well Outback has my heart anyways.,0
81,7427,0.8789717,0.121028304,I am looking for 5 motivated people that want to change their position in life and only have time to work with five people.,0
82,1101,0.06843243,0.9315676,I am job searching for: Work at home jobs! http://t.co/4tgcXWg6JK ‚Äî Walker Inklebarger (@Walker_marocliv.... http://t.co/oeG4dn4iis,1
83,4969,0.023132065,0.9768679,Does anyone know any place hiring? Please my store I work at is getting shut down and I will be jobless,1
84,2326,0.15169017,0.84830976,Well has of yesterday I am unemployed (quit my job). Yes had enough my body and health can not take it anymore. Start looking tomorrow.,1
85,3441,0.020650163,0.9793498,anyone know of any job openings? ya boy might get fired,1
86,3549,0.05524185,0.9447582,Applying for jobs is like dating If you try too hard it could go bad if you dont try enough it could go bad. Overall I am still unemployed,1
87,5781,0.022578305,0.97742164,Whos hiring?! So I can quit my current job,1
88,4959,0.023819024,0.976181,Does anyone know whos hiring ?? #Job Hunting,1
89,4440,0.018803403,0.98119664,Well shit i needa find a new job anyone know any hiring???,1
90,4157,0.86497927,0.13502072,Currently unemployed should be saving money instead I just went shopping.. I have a problem,0
91,3988,0.033685096,0.9663149,So I had a job interview today and sadly I wont know if Im hired for 1-3 weeks. Then my second interview is pushed off till end of week.,1
92,902,0.97558355,0.024416436,Looking for a change?? Search for new positions in your area http://t.co/ThT7qNiQAV #OpportunityKnocks #WorkplaceDiversity,0
93,5710,0.9445436,0.05545639,I told my mom that Im the job version of being single after I finally quit my old job for good. #unemployed?,0
94,7570,0.9761188,0.023881163,Looking for a new career? The CHPs goal is to hire 600 cadets per year. #PatchCalifornia http://t.co/NRViDdtszO,0
95,1087,0.045209706,0.9547903,I am searching jobs in New Jersey on http://t.co/p0ilvTJkLN,1
96,4787,0.033455595,0.9665444,I have been unemployed for the past 5 months. Today there is a solid chance (I hope) that I might be offered a job. Should I negotiate sala‚Ä¶,1
97,4618,0.9613829,0.038617052,i got hired at 678! time to quit todai!#todai #toDIE!!!!,0
98,3517,0.91784513,0.08215489,this chick who took the position i applie to stopped showing up so my chances are high.,1
99,4964,0.02011883,0.97988117,Hey anyone know some place thats hiring? Im still in school but get out really early and am 18 sum1 hmu with a job offer,1
100,37,0.29809088,0.7019091,I just got laid off from the warehouse I work in. Anybody know of any warehousing temp agencies prefe... http://t.co/WqMS3k21Vm #reddit,1
101,94,0.9415502,0.0584498,Today I got proletariatainized... Got hired on permanently at a company.,0
102,788,0.027406,0.972594,I am currently employed &amp; still searching for a payroll specialist position in the Kansas City MO or KS area. Anybody plz forward any leads,1
103,7223,0.9736052,0.026394812,Heres a great opportunity for any veterans interested in pursuing careers in entrepreneurship.... http://t.co/UqLKpFNjKB,0
104,1442,0.980257,0.019742996,Unemployed Under-Employed Unhappily Employed? Find #jobs &amp; career solutions on #LinkedIn in the Job Seeker &amp;... http://t.co/vquOX8kf1O,0
105,2332,0.78242373,0.21757627,I was unemployed for 3 weeks. I couldve started a job sooner but I choose not to so now I have to train myself to go to bed before 5am lol,0
106,4722,0.056906264,0.94309366,Does anyone wanna hire me to be an illustrator/animator??? By hire I mean I dont care if I get payed or not,1
107,5333,0.025725666,0.97427434,Anyone hiring I wanna quit McDonalds,1
108,2834,0.9796468,0.020353194,Looking for work or ready for a new career? Learn #howto become a #truckdriver. https://t.co/JhDAh18mHo  #cdllife #jobs #paidtraining,0
109,6587,0.075704284,0.92429566,Okay cool so someone wanna hire me to work Warped 2017???,1
110,2270,0.9775922,0.022407876,Looking for a job in #Management? 100s of new positions were added to the BRR Job Board: https://t.co/ZNPyvVdGA2 https://t.co/17jKo4AFu6,0
111,3500,0.0625035,0.9374965,I set my goal earlier this year. Now I work on it. Resumes sent out tonight for Electrical Supervisor positions. Lets see what happens.,1
112,305,0.67555517,0.32444483,oh today i went to this gas station to apply and i asked the lady there if i could have an application and she just stared at me,1
113,1615,0.9771567,0.022843255,Looking for a job? Superintendent II - Wind Energy Group (IRC9674)Job Details at M. A. Mortenson ... http://t.co/xHNlZQnrdx #green #jobs,0
114,2860,0.9775334,0.02246663,Looking for Asset Mgmt Jobs? Alumni Networks Play Key Role http://t.co/3S7iAtVgkx @FundFire @ColumbiaBizCMC @UCLA @followMFS #finance,0
115,2913,0.94491345,0.055086553,Today I can smile. Today I have secured a new apartment and got hired for a full time position!üòÅüëç,0
116,3603,0.04068677,0.9593132,Now actively seeking employment. I hate job hunting! But such are the times in todays job climate.,1
117,493,0.05625118,0.94374883,My mom isnt even mad that I got fired like tf I hope she realizes shes my source of money until I get a new job.,1
118,1603,0.01740746,0.9825926,looking for a new job does anyone know a place thats hiring???,1
119,6293,0.031432703,0.96856725,I am currently looking for a position in #hospitality  please let me know if anyone knows of any sales positions.,1
120,5893,0.95512915,0.0448709,I was fired today after 21 years of police service with #MDPD. Im so hurt right now.,0
121,3583,0.04253601,0.957464,Minimum wage is now 10.10?!! Now I just need a job for the summer...,1
122,2356,0.022523347,0.97747666,Is anywhere hiring?? Someone please tell me of somewhere,1
123,4987,0.9568906,0.043109443,Call me bitter but its bullshit that I worked my ass off and got fired from my job but people fuck around and dont get fired #FuckThat,0
124,4483,0.033311646,0.96668833,Anyone hiring? Im in desperate need of a job ... Just got kicked out with nothing.,1
125,7162,0.07731958,0.92268044,I am unemployed and #need #money #now https://t.co/GzJbNDpkU8,0
126,5629,0.029270958,0.970729,If only been laid off for 2 days are i have a potential job lined up. I must be lucky or something.,1
127,7527,0.975157,0.024843011,Unemployed? Walmart is Hiring 55000 New Workers for Holiday Season http://t.co/BtXq9BRH12,0
128,2762,0.05217539,0.9478246,I am Looking for work in fixing #computers or #security #jobs.https://t.co/Bm4FAwHaSz#Oakland #Bayarea,1
129,1116,0.052748784,0.94725126,I am Looking for work in fixing computers or security jobs.https://t.co/HsApvrA7Se#fintech #bitcoin #rimbit #crypto,1
130,3545,0.9521077,0.047892243,Eww. The Job IS workplace Survivor and it looks like a horrible TV show. Unemployment is not entertainment.,1
131,4149,0.15794384,0.84205616,Currently unemployed seeking full-time employment in or near Bakersfield. Message me for resume.,1
132,1637,0.9739371,0.026062937,Looking for an internship and dont quite know how to start? @sdsucareerserv writes about the beginning steps: https://t.co/HLLXGR7tnX,0
133,1176,0.024588797,0.97541124,I got laid off today.  Im ready to persue makeup.  Chicago beauties...any job leads?,1
134,5655,0.49101856,0.5089814,As of 4pm today I am officially laid off. #unsurehowtofeel,0
135,2743,0.9747877,0.025212301,#Job #Lexington Assistant Professor: Richmond Position Summary The Department of Psychology invites applicatio... http://t.co/FflRyzRyFq,0
136,367,0.051803224,0.9481968,I am trying to find a new avenue for work. I do not want a disability!,1
137,1133,0.026349308,0.97365063,Yes I am sending resumes and filing out job applications on Christmas.,1
138,7417,0.9122047,0.08779525,Jobs are available for the unemployed  come to that office to see what you want to do come make your money,0
139,7655,0.024827369,0.9751727,First day back to work and I get laid off. This is real sick. If you know anyone hiring in Lubbock let me know. Gotta pay bills soon.,1
140,1065,0.049697522,0.9503025,I am Looking for work in the Oakland California area.https://t.co/GYOhEV0xqG#JobListing #JobOpening #JobTips #R√©sum√©,1
141,3597,0.8595529,0.14044714,Well currently unemployed job hunting.  It sucks . But on a good note Im alive.,1
142,4958,0.02704144,0.9729585,Anyone hiring? Im trying to quit my job doing bodywork....,1
143,4941,0.023449868,0.97655016,Anyone know of anywhere hiring????? I hate my job,1
144,7477,0.95262325,0.04737676,Just got laid off from one of my jobs to kick the new year off right! Dont forget to follow @KnottyGamers and get ready for the flooding.,0
145,7135,0.061176673,0.93882334,I am disabled veteran been unemployed since 2009 and I cant get disability benefits. I would like to do computer work (administrative or billing). My email:barryevanslive@gmail.com https://t.co/9CBcfriM5P,1
146,4860,0.02017846,0.97982156,Anyone working in a bar/pub that is hiring?,1
147,5680,0.9701268,0.029873231,Found out today that I was living in povertyhad a poor education and am most likely unemployed https://t.co/y36naZBnnj,0
148,4102,0.9577205,0.042279523,Got hired...now I have to start waking up early again!,0
149,1090,0.09141231,0.90858763,Searching For a LinkedIn Marketing Superstar! - oDesk: I am seeking an experience LinkedIn ... http://t.co/tK73BjLJ6H #sales #mktg #jobs,0
150,2249,0.031741258,0.9682587,Im an unemployed lump so Ill be staying up as late as I please for the next week or so until I get my resume in order to send out.,1
151,979,0.97865456,0.021345455,Interested in a #job in #NebraskaCity NE? This could be a great fit: https://t.co/DR8EvBkTZk #NowHiring #GetHired #Manufacturing #Hiring,0
152,715,0.91435516,0.08564483,Wait I just got fired before I even got to work so does this mean Im unemployed again!??,0
153,2278,0.9788278,0.021172177,Looking for a job? Electrical Engineer - Renewable Energy at Black &amp; Veatch (Centennial CO) http://t.co/Jj3c5xvcGk #green #jobs,0
154,4109,0.95614773,0.043852326,If your unemployed or underemployed. This is the Career for you.,0
155,4449,0.019605037,0.9803949,In desperate need of a job  anyone know of any places that are hiring ???,1
156,3532,0.036608513,0.9633915,I also applied for a job with apple last night.. Not the same position but HOLY CRAP PICK ME,1
157,5750,0.027653063,0.9723469,Any restaurants hiring in buffalo? I need to quit my job like today,1
158,3596,0.21618657,0.7838134,I keep buying cute work clothes yet I dont have a job yet embarrassing #hireme #unemployed,1
159,3885,0.98039055,0.019609476,#AAT #Established CDL A Team Drivers needed in #NewOrleans at AAT Carriers. Apply now! #jobs https://t.co/LByLIGOpRu,0
160,6323,0.034370795,0.96562916,I am dusting off the resume and seeking a management /training or compliance position. If your job has an opening contact me. Thanks,1
161,2991,0.9765364,0.02346354,So I recently started work for a pet boarding/doggie daycare and someone was REALLY fucking happy to see me this mo‚Ä¶ https://t.co/GDPFizGxUw,0
162,7210,0.06253189,0.9374681,Man you guys I may have a job opportunity!  I need you guys to cross your fingers toes and legs.  Whatever it takes.,1
163,5433,0.051954985,0.9480451,@markschlereth Just got laid off any tips for staying busy while looking for a new job? #QuestionMark,1
164,1757,0.9374505,0.06254948,Im getting laid off for the first time in 13 years..still love my union! No fault of ours we make the paycheck for the salary guys!,0
165,4727,0.04028144,0.9597185,Anyone hiring...I really need a job. I am so tired of getting screwed over and stupid people getting picked over me.,1
166,6625,0.9609983,0.039001655,Dell posted a job you might be interested in: Network Design Consultant - Dallas/Fort Worth Area US.,0
167,2831,0.9780306,0.02196931,Looking for a #Palliative #Care Social Worker- Field Position - San Antonio TX #jobs http://t.co/f3Yxaj4mwW http://t.co/nEgjs1H40f,0
168,1253,0.9769124,0.023087658,Here is your opportunity to make money free tour lets you in the back office http://t.co/V4Eh4ORSy5 #work #workathome #payday,0
169,4846,0.027758848,0.9722412,Anyone hiring felons that are eager and willing to work? #askfb,1
170,3957,0.95789057,0.04210946,So I got hired I feel like a fucking boss YEaaaa!!! #winning,0
171,378,0.9720293,0.027970696,Looking for a new career re-entering the workforce or just want to work with kids? Tutoring opportunities available http://t.co/6M3QZKPNrj,0
172,4053,0.9557001,0.04429986,So I got hired today yay,0
173,3616,0.2019665,0.7980335,Anyone in the greater Portland area know of any photography/videography type jobs? Amigo just got laid off.,1
174,6539,0.9076699,0.09233008,Of course when I tell my old job about my new job they offer me a full time position. Where was that about 3 weeks ago?,0
175,4643,0.021231947,0.97876805,Im about to quit so whos job is hiring ?,1
176,6398,0.9586939,0.041306064,i got fired today... whoopty fucken doo,0
177,4931,0.025350897,0.97464913,I applied to 5 jobs while watching ultra. I get shit done why arent I hired yet?,1
178,7495,0.06859213,0.9314079,I am job searching for: Work at home jobs! http://t.co/4tgcXWg6JK ‚Äî Walker Inklebarger (@Walker_marocliv.... http://t.co/drC4Y9lvOW,1
179,4461,0.026386095,0.9736139,Whose hiring!?? Im looking for a new job tired of the same bullshit everyday from people who arent even my supervisor but 2 hrs a day.,1
180,4198,0.045378402,0.95462155,I need a new job . Ûæ∞ëÛæ∞ëÛæ∞ëÛæ∞ë I am either going to quit or get fired,1
181,2204,0.90783453,0.09216543,Today I became unemployed.   Please visit http://t.co/zH0tVlyhdv and let me know how I can help your company,1
182,3902,0.9800228,0.019977188,#Accounting #Job in #Morristown  NJ: Accounting Manager Real Estat... at Robert Half Finance &amp; Accounting http://t.co/Kjg1HRYse0,0
183,6274,0.7378117,0.26218835,Well looks like after next week imma get laid off. Still looking for full time work.,1
184,1102,0.05450668,0.94549334,I am Looking for work in fixing computers or security jobs.https://t.co/jvptE989VG#fintech #bitcoin #rimbit #crypto,1
185,1779,0.9089328,0.09106715,So who wants to buy a GoPro package at a reduced price!? Unfortunately I got laid off my job and need to sell a GoPro....,0
186,942,0.51456034,0.48543966,Damn I got interviewed first and a girl was getting interviewed after me for the same position but I got hired on the spot hahaha,0
187,4436,0.02047156,0.9795284,Teacher friend and I are in the works for a new job watching dogs sleep or blogging about hit shows each week.  Anyone hiring??,1
188,6959,0.9572068,0.042793248,@artiequitter boy Artie you are awfully randy now that you are unemployed,0
189,3196,0.06854438,0.9314556,RT @jacobkleinman: Well i just got laid off at Mic. If you know of any positions in gaming tech media hit me up,1
190,2966,0.06509907,0.93490094,An employer told me today I may be overqualified for a position. In my mind I was thinking of all the times the first Goomba killed me.,1
191,971,0.14032955,0.8596705,Today I applied for the @santamonicacity Jailer position hopefully I get an email and/or a callback,1
192,3453,0.9505824,0.04941764,Who gets fired for not answering their employers calls on their APPROVED requested days off!? #ThisGirl #Lame #ImMad,0
193,4735,0.021648701,0.9783513,Anyone love their job and their jobs hiring? Lol help a sista out,1
194,1275,0.9772824,0.022717629,Interested in working a temporary seasonal job this holiday season? Here is why you should be- https://t.co/xogOEw2vsh,0
195,1602,0.9803137,0.01968635,Looking for a job? Energy Engineer/Resource Efficiency Manager 4(13005096) at Northrop Grumman (SD) http://t.co/hQryVU5l8p #green #jobs,0
196,363,0.04793233,0.9520676,I am looking for a PR person or company to work with for my upcoming Book and Gallery tour. Looking for any... http://t.co/lj2Tj6Z1tK,0
197,6122,0.968196,0.031803943,HP posted a job you might be interested in: Biztalk Developer - Adelaide Australia AU.,0
198,6108,0.97656006,0.02343991,Interested in a Sales job? A career in Real Estate might be for you! Come meet us for career opportunities! https://t.co/nz937tWwn4,0
199,2088,0.97608155,0.02391844,Looking for Employment? Studies Show Voluteering Works | Get Hired Fast http://t.co/544Yr5OEqv via @GetHired #careers,0
200,2535,0.9684245,0.03157552,Looking for a Utility: We are looking for a utility player that can play more than 1 position on the field ...... http://t.co/gO2XVQ6vvS,0
201,6389,0.46460158,0.53539836,I real life just got fired today is anyone‚Äôs job hiring /.\,1
202,3848,0.96063304,0.039366964,Annnnnd now I am officially unemployed.,0
203,5913,0.05286028,0.9471397,My mom is really looking for a hired chef.... Anyone interested?üòë,0
204,337,0.08580066,0.91419935,I am searching for three special project interns to work on #OETC14 and more! | Public Assembly http://t.co/x1sdyWerHy #cbusinternships,0
205,1619,0.97858536,0.021414595,Looking for a new job?11823 Slauson AveSt 7#SantaFeSpringsCACall (562)693-5111#jobs #newjobs #employment http://t.co/76dpLdTW7C,0
206,4814,0.95872426,0.04127578,today i sat outside drinking coffee went to a record store ate a slab of ribs and am going bowling. being unemployed rules,0
207,1591,0.98041105,0.019588955,Looking for a job a new career or more job satisfaction? 51 #Career &amp; #Job Affirmations. https://t.co/8hR97kCZPj#hr,0
208,7037,0.96170616,0.03829385,day 10: im thankful that im quit my job and my two weeks notice is almost upstaying home in bed? yep the unemployed life is life for me,0
209,4933,0.03152367,0.96847636,Well I also applied for jobs so hopefully I get hired,1
210,2216,0.95870924,0.041290805,Being unemployed is not good for me. I thought today was Monday.,0
211,5697,0.07379956,0.9262005,Guys at my work started talking about anime. I am now unemployed and looking for a new job.,1
212,6582,0.018896893,0.98110306,is anyone hiring? like to do from home work?,1
213,4965,0.030702282,0.96929777,Anyone hiring?! In need if a second job!! #gainesville #ga,1
214,2551,0.97916234,0.0208377,Looking for a #Registered #Nurse RN Progressive Care PCU New Grad Position #jobs https://t.co/iMVpWAlIKc,0
215,5,0.93808687,0.06191312,I was laid off from my last job a year ago tomorrow. It was surprising and scary. Im forever grateful to those that took the time,0
216,7273,0.030249283,0.96975064,So I got laid off like I thought I would.....Got an interview for another job right away though so hopefully I can get this new position.,1
217,3440,0.028189113,0.9718108,Getting fired today. And probably going to get kicked out. Anybody hiring?,1
218,7275,0.066017374,0.9339826,Finding new job tomorrow got laid off from Amazon.,1
219,2378,0.020091724,0.9799083,Does anyone know any places hiring .....,1
220,3726,0.020132653,0.97986734,Looking for a new job..whos hiring?,1
221,1766,0.0380744,0.9619256,KY #GED grad Yvonne Brumley: I got laid off and I am applying for jobs at businesses I couldnt apply at before (I earned my diploma).,1
222,803,0.03847787,0.96152216,I am looking for a sales job or sales trainer position in Dallas.  Multiple Presidents Club Winner #hireme #salesjobs #careercorner,1
223,4758,0.97899354,0.0210064,RT @mmangen: Ready Set Action! Searching for a New #Job http://t.co/wljctC3w2O via @ItsJustTami #unemployed,1
224,7172,0.039419837,0.9605801,Can someone help me find a job? As of 30 minutes ago I am unemployed and desperate.,1
225,7059,0.9665563,0.03344368,I quite my job on Saturday. My boss was bullying me and even accused me of possessing illegal drugs. Fighting unemployment now. #mylife,0
226,5587,0.03430769,0.96569234,Im trying to quit mine bt I need to find another one first..,1
227,5804,0.03307105,0.966929,About to quit  who hiring ?,1
228,7272,0.038659763,0.96134025,I have just been laid off from ModCloth. Ive loved working there and am excited to find out whats next for me!,1
229,5335,0.023849744,0.9761503,Is anyones job hiring? I want to quit Wendys already.,1
230,7390,0.93875754,0.061242476,I start my new job Tuesday at 10 am. I am scared and will quit within the day,0
231,1113,0.06851059,0.9314894,I am job searching for: Work at home jobs! http://t.co/4tgcXWg6JK ‚Äî Walker Inklebarger (@Walker_marocliv... http://t.co/SQmarqg5CO,1
232,4949,0.19426312,0.8057369,Anyone out there in need of a job?? Ledo Pizza is looking for servers bussers and kitchen workers! #PublicServiceAnnouncement,0
233,5771,0.02349539,0.97650456,who job hiring? I had to quit chick-fil-a that aint my speed &amp; they was doing corny shit Im cool,1
234,956,0.87231,0.12769005,Came in today long 450 $IP as my biggest position. Left with no position and $28k in my pocket lol,0
235,6590,0.97578263,0.024217365,Work in Radio?  Cox Media Group in Jacksonville is hiring an Account Executive. http://t.co/w8wOalvqsB #digitalmedia #salesjobs,0
236,3622,0.030671882,0.9693281,Got laid off today.  :(  Will rest this July 4th weekend and then start looking next Tuesday.  Anyone wants to hire me?,1
237,3209,0.12502512,0.87497485,I could totally use money from the @MoneyMonster #MoneyMonsterPays #Sweeps I was laid off in January &amp; havent found a new job yet.,1
238,5310,0.51937306,0.480627,I accepted a position after being unemployed 2 weeks. Pay not up to scale but it is a job.. #NoBamaCare,0
239,3890,0.9794527,0.020547278,#Abbott is hiring a 2015 #National Black #MBA Opportunities apply now! (#Illinois) #job https://t.co/byg4s1rAC7,0
240,1747,0.9518274,0.048172615,@crookedhooligan Im so sorry autumn :/ if I didnt just get laid off I would in a sec. When unemployment kicks in I will. Thoughts w/ youüôèüèº,0
241,893,0.072854854,0.9271451,I searching for a position as a registered nurse. #focusclass,1
242,75,0.96551657,0.034483463,I Just Got Laid Off ‚Ä¶ Now What? http://t.co/gqVcv99got #jobsearch,1
243,5743,0.027367996,0.97263205,Does anyone know any places that are hiring? I cant stand my job anymore and my parents wont let me quit until I find a new one first üò≠,1
244,404,0.055516567,0.9444834,I am Looking for work in fixing #computers or #security #jobs.https://t.co/qDiujyCA9J#Oakland #Bayarea Please Repost,1
245,4744,0.035556067,0.9644439,I am an #unemployed #bipolar #overweight #blogger looking for a #job Is there #stigma attached to it? Will a #company hire me if qualified?,1
246,7444,0.13294525,0.86705476,Currently in the waiting room at a business consulting firm for a job interview. I am one of 5 guys and the rest of them are wearing suits,1
247,6627,0.95322067,0.04677936,Oomfs just got hired now is on his way bout to get fired,0
248,2260,0.9752771,0.02472288,Ad: Unemployed? Looking for a new Job or Career? Work at Home Positions avail $80-$90 a hr http://t.co/VYzQ5vRXTY,0
249,1252,0.9731611,0.026838912,This #job might be a great fit for you: LPN/RN Interested in working 12 hour night shifts!! - https://t.co/iJpqtXbN61 #Raleigh NC #Hiring,0
250,6584,0.022817161,0.9771829,Dude i fckin hate working at lil Caesars. Anyone know a place hiring?,1
251,3656,0.96138674,0.038613204,I love my new job man.,0
252,5086,0.9663889,0.033611104,Was fired from HS coaching job earlier this week https://t.co/BC2WA6vV6Z,0
253,7589,0.5684909,0.43150902,#WWE has hired me in the short term to replace superstar Sheamus who will miss 4-6 months with a torn labrum. #BadBartkowski #Fella,0
254,4691,0.9668606,0.033139393,Being unemployed is cool. I guess its time I put my ass to work and pick a corner now. R.I.p. whichway pizza.:(,0
255,6377,0.9576516,0.04234837,Today I got hired promoted &amp; then fired from a Briarcrest commercial...thats all. #actress,0
256,5640,0.05366801,0.9463319,Please pray that God leads me to a full time job. I was laid off and am not receiving responses to my http://t.co/R7QDi3NFx7 #pray #prayer,1
257,7486,0.9500531,0.04994687,When someone tells you  dont work to hard  its true. This week I found out Im getting laid off. I spent the last 6¬Ω years working hard.,0
258,278,0.039158083,0.9608419,Today I applied for 3 jobs and like I dont want any of them,1
259,2286,0.97803694,0.021963075,Looking for a Want to be on the cusp of development? Ruby on Rails/Java developers in Morrisville NC http://t.co/CHRt4eRCpO #job,0
260,6109,0.98003894,0.019961031,Amazon posted a job you might be interested in. AWS Global Accounts Solutions Architect (Houston) - Houston Texas‚Ä¶ http://t.co/EMveYGYUds,0
261,6907,0.978736,0.021264048,Looking for a #New #Business Specialist - ProEquities #jobs http://t.co/xhuFOI0gyf http://t.co/BIQiQhBdrZ,0
262,4489,0.959159,0.040841028,Electronic Arts posted a job you might be interested in: UI Artist (41751) - Melbourne Australia AU.,0
263,7441,0.023760194,0.9762398,currently applying for jobs.. any recommendations??,1
264,5348,0.023273451,0.97672653,Just quit my job lmao anyone hiring ?,1
265,2825,0.8962865,0.1037135,I finally got hire at walmart I been working at walgreens for like 3 and a half months. Tomorrow my last day at walgreens,0
266,4442,0.018272474,0.9817275,IS ANY PLACE HIRING??? THIS GIRL NEEDS A JOB YO.,1
267,3651,0.9551691,0.044830892,I cant believe working 2 weeks straight is a normal thing at my new job,0
268,1037,0.02708043,0.9729196,I keep not getting hired because I have no work experience. Well how in the hell do you expect me to get job experience if you dont hire me,1
269,3183,0.10515878,0.8948412,Being laid off has brought more blessings than I can count but this job search is close to breaking me. Rise and grind!,1
270,2713,0.98041403,0.019585956,#Job #Baltimore Accounting Support Specialist at Ameritox (Baltimore MD): ~~POSITION OVERIEW:The Accounting... http://t.co/PyiosU1H8J,0
271,4947,0.021058267,0.9789418,Anybody hiring ?!?!?! ya girl needs a job,1
272,1274,0.97929114,0.020708896,Interested in working at @sus_org? Check out what opportunities might be waiting for you!  https://t.co/brX0vRwl8Y https://t.co/gsBowjXCrq,0
273,5762,0.021535745,0.97846425,Thursday is 8 months since... Its been quite a successful recovery so now time to find a job again. Any tips about anyone hiring?,1
274,969,0.030461596,0.9695384,I had 2 job interviews today &amp; nailed both. got the offer for both position on the spot! now I just gotta pick.,1
275,6262,0.03551862,0.9644814,Well this sucks... Got laid off with a 2 week notice my last day is Feb 13th anyone looking for an awesome person out there?,1
276,4037,0.9545317,0.045468252,I got hired today and start Monday lol alright cool,0
277,5767,0.021255862,0.9787442,Whos hiring ??? Cause oml Im finna quit my job üòÇüòÇüòÇ,1
278,5829,0.95369023,0.04630978,Im so blessed by my new job. Yall are gonna get sick of me tweeting about it all the time but sorry not sorry.,0
279,4446,0.022045862,0.97795415,Let me ask this again lol. Is anyone hiring.? Coming back home in 5 days and need a job .!,1
280,7296,0.027428646,0.9725714,theres a job opportunity for a sales rep that im thinking about applying for. nice pay good hours not making sandwiches. i might do it.,1
281,270,0.018715005,0.981285,Yo whos hiring??,1
282,4181,0.9409547,0.05904536,I am unemployed for the next 72 hours so Im getting weird.,0
283,922,0.6001713,0.39982867,I got offered literally 4 positions today.,1
284,5375,0.951669,0.04833107,I got fired wednesday now I have orientation wednesday look how God works.,0
285,6119,0.9775264,0.022473514,Heres an opportunity that you wont want to pass up: Supervisor - https://t.co/br1Kfhsoi9 #Retail #SanDiego CA #Job #Jobs #Hiring,0
286,1363,0.9787617,0.021238293,Interested in a #Hospitality #job near #Mesquite TX? This could be a great fit: https://t.co/JLjBGZmmD4 #parttime #Veterans #Hiring,0
287,5116,0.05271539,0.94728464,This week marked the 1 year anniversary of me being laid off. I still have not found a full time job. Some freelance work next week though.,1
288,2385,0.047493994,0.952506,Anyone looking to work for a great company? The Lowes of Leesburg VA is now hiring. Let me know if you are interested! Hiring 161 people!,0
289,5095,0.9542429,0.04575717,I got fired from my job last week now I might go back to hm,0
290,2861,0.97792655,0.02207343,Looking for a new career or part-time work? @BlumenthalArts has openings! http://t.co/zlznRpX4tf  #cltjobs #charlotte #jobs,0
291,767,0.027459215,0.9725408,@renewaldb I might be interested.  Is there a job posting where I can see position description?,1
292,4428,0.0175358,0.98246413,Anyone know any jobs hiring ???,1
293,2390,0.028095014,0.971905,Who hiring ??,1
294,3618,0.023131043,0.9768689,Is anybodys work hiring ? cause Im fucking laid off #lame #pissed,1
295,4017,0.65938485,0.34061518,Being employed has Its ups and downs lol I just kinda wish target would have hired me,1
296,1780,0.9691942,0.03080583,Yet Im still unemployed. I was laid off in 2009 because you took office and the company got scared. Simple as that. https://t.co/vZMJJfEFH6,0
297,4842,0.024588784,0.97541124,Anyone hiring?? I work for the US Federal Government and am available to start tomorrow!,1
298,394,0.17303683,0.8269632,I am looking for a few businesses to work with.,1
299,4777,0.05135798,0.948642,If I dont find a job soon I will die from boredom... #unemployed,1
300,2759,0.037660792,0.9623392,I am looking for a social worker internship. If anyone knows of anything please let me know. I have to have an internship by June,1
301,2581,0.9772611,0.022738934,Looking for a #Part #Time Rental Sales Agent (Buffalo) - Incentive Sales Position #jobs http://t.co/0UkzFs61Q3 http://t.co/75OuRLjyd7,0
302,2746,0.9771234,0.022876674,#Job #Manhattan Retail sales position (Midtown East): High end tennis shop in mid-town Manhattan needs an expe... http://t.co/nfsCk46kGR,0
303,5914,0.9795547,0.02044523,New #Job Assistant Cook: DCH HEALTH SYSTEM - Assistant Cook Location: RMC-Tuscaloosa Shift... https://t.co/YROK13aT0J #ApplyNow #GetHired,0
304,7175,0.09226359,0.90773636,this whole job search/being unemployed thing is not really for me any more. i would like it to over with now.,1
305,7592,0.98174024,0.01825977,Searching for #work in Palestine TX? Send your #resume to City of Palestine. http://t.co/IYn4goJt9C #gethired,0
306,4100,0.92489755,0.07510247,I just quit my job cause I got hired some where else &amp; I start today YES GAWD!,0
307,6129,0.9602633,0.03973666,EF Education First posted a job you might be interested in: Business Controller - EF Corporate Solutions - Shanghai City China CN.,0
308,4141,0.9599066,0.04009349,I am currently unemployed,0
309,4895,0.017167494,0.9828325,Is anybodys work place hiring???,1
310,2485,0.049905848,0.9500941,Do I know anyone here looking for content within a getting hired context? @ me. I might have something interesting for you.,0
311,5105,0.965012,0.034988035,This week i lost my job got kicked out and mac miller died. Fuck man wtf stop it life isn‚Äôt cool,0
