id,text,class
339,I am looking for a local tweeter for hire? Looking to rec. someone for a 2 month gig for a nonprofit for a campaign. PT work.,0
3046,Ive learned more &amp; talked more with my co-workers in 3 days at my new job than I did in 3 weeks at Dicks. extremely grateful &amp; happy.,1
4825,my heart dont work Im unemployed,0
5025,Gave two weeks notice 3 weeks ago. Started new job yesterday. Yesterday the old job was telling people they fired me. I‚Äôm not ok with this.,1
4641,I just got hired at TGIF at the Rim and I already wanna quit and get a job at BJs at the Rim lmao,1
1411,Unemployed Under-Employed Unhappily Employed? Find jobs &amp; career solutions on LinkedIn in JCD The Job Seeker &amp;... http://t.co/EC9IzitRoC,0
265,I went driving today and got my lunch and I saw that Dollar Tree is hiring. So Im going to check that out.,0
4089,Got hired today for a really good new job but theyre asking me to cut my hair...,1
6377,Today I got hired promoted &amp; then fired from a Briarcrest commercial...thats all. #actress,1
100,I got hired 4 Jamba Juice God is Good,1
1111,#NashvilleGigs I AM SEEKING A CRAIGSLIST POSTER. EARN EXTRA CASH POSTING ADS http://t.co/RxKM3YzGJ9 #Nashville #NashvilleJobs #gigs,0
3297,Got fired on Wednesday got my job back yesterday and I work today haYesterday was my day off too so its like I was never fired at allMy manager hates me even more now I know it aha,1
5054,I got my last check from my old job yesterday and will get a check from my new job right on time in exactly two weeks.. that worked out well,1
109,Hey guys I just got hired at starbucks,1
87,I got hired to cook fathers day dinner tomorrow...cuz Im nice in the kitchen.,1
6557,Well I start my new job on Monday. Same company just different position. I am confident I will kick ass as a planner.,1
3979,MY JOB HIRED ME BACK!!! Im hype af!!!,1
2681,#Anchorage #Job Fairbanks AK Special Education Teacher Position: Anchorage Fairbanks AK Special Education Te... http://t.co/vmVajCIUQz,0
1686,today I signed a contract quit my old job quit my new job then unquit my old job  so that was just great üéÉüî´,1
6889,Yesterday I deliberately rendered myself unemployed w/o somewhere to land.Not smart but it was right.,0
373,I am getting no hours at work. Searching for a new job.,0
5051,I started at my new job without quitting my 1st job. Who wants to dig me out of this one?,1
2555,Looking to help advance specialty materials technology manufacturing capabilities and innovate in global markets? ATI is seeking a material science or chemical engineer for a Process Engineering position https://t.co/BfmMXJT9rd https://t.co/BGEZS2oEyY,0
288,I got hired at riverdale last night tho .. O.o too bad Im not gonna work there LoLoL,1
5687,I work tomorrow... üòÖ.. I so understand why people stay unemployed now hahaahha,1
7474,Im already hired at my new job just waiting for my background check then Im good to startüòå,1
1672,Just got hired and Im finna quit real quick,1
140,Another job called me and I am hired I aint get to call them back yet,1
521,Yea Im happy I got a new job. This white lady at my old job wouldve been hype this morning if I went in. I wouldve gotten fired today.,1
6040,Just started this new position last week but I may be putting in my 2 weeks notice,1
3962,Literally lost a job and 5 min later got hired somewhere else #peopleskills #closeddoor #openwindow #happy #lucky,1
2913,Today I can smile. Today I have secured a new apartment and got hired for a full time position!üòÅüëç,1
4774,After being unemployed for 3 months I have finally found new employment. Thank you all s... http://t.co/5PcQNzKImV,1
3831,Facebook needs to stop asking me who my current employer is and rubbing my unemployment in my face,0
4657,I quit today my spirit was crippled by the man so i had to move around,0
1954,I recently started working at a new job and now I have weekends off and a normal schedule and I don‚Äôt have to dread the weekend anymore,1
4640,So to answer a few ??s about the fine dining job they lied about my hours/pay/job description so I quit Tuesday so I went to Hooters today,0
6750,Moms just finding out 2weeks later I got fired lol,0
3310,I find it funny that I was fired yesterday and then rehired lol,1
7613,Looking for a #Driver/Warehouse #Position - Plumbing Wholesaler #jobs https://t.co/iPh1812fI4 https://t.co/67RN2cL1VE,0
2825,I finally got hire at walmart I been working at walgreens for like 3 and a half months. Tomorrow my last day at walgreens,1
4061,today I got 2 awesome things got my Texas driver license and 2... FINALLY GOT FUCKING HIRED!,1
3356,I start at Aldo this week AND my best friend got hired there too?! We bout to fuck shit up ;),1
3062,Just started my new job today. Im working at a movie theater cleaning up after the movies get out. Found 2 small popcorns wedges under,1
5714,Being unemployed for me personally means waking up and immediately feeling crazy anxious every day so thats super fun and all,0
3840,Unemployment is at a 49-year low and I still dont have a job.,0
4918,Officially hired and working two jobs now. How am I ever gonna have time to watch my wrestling &amp; cartoons now?!,1
4999,I was recently fired from my job seeking unemployment and better work,0
388,I am seeking a female (preferably a WOC) website/graphic designer to work with for my business need quotes to incorporate into fundraising.,0
2954,I lost my position as the football teams water distribution engineer-waterboy,0
4032,Searching for #work in Burlington IA? Send your #resume to Big Lots!. http://t.co/h9hPP3tYxJ #gethired,0
2104,Looking for a new way to hire or BE hired? check out http://t.co/UU5ax8MLHb to create an @myzumay . Fire your #resume ! #jobsearch #jobs,0
2925,Interview today...n JUST got an interview for the position I really wanted TOMORROW. things are starting to fall into place,0
6479,Lost my job yesterday fell asleep a bit early then slept in a bit late. I dont think Ive ever been this stress-free in my life???,0
7276,@johnurschel Im searching at the Development Director level in MA. I was laid off in January.,0
2044,Looking for a #NewJob? #CareerCast has all your #Job and #Career needs at your fingertips. https://t.co/nkIUcXMpsk #CareerAdvice #GetHired,0
3724,Looking to join Panera Bread (@PaneraCareers) Sunrise Senior Living (@Sunrise_Careers) or Meridian Senior Living (@Join_Meridian)? View 361 openings from these companies and more. https://t.co/ikurjIU70S,0
5796,Now hiring a professional fly &amp;amp; mosquito killer. Any takers?,0
3060,Im bout to start back working out Yall. My new job has a gym,1
1690,I quit my job today lol Going to start looking for a new job,0
4635,Got hired for a new job orientation/training on Tuesday. Now the question is... when do I quit my current job?... https://t.co/oxs9D9S6jj,1
7066,Quit my job thinking i had the other in the bag. Long story short.....i had to go on unemployment last week. Good news is i found another job so there you go,1
94,Today I got proletariatainized... Got hired on permanently at a company.,1
106,on a brighter note I got hired today so Im stoked n I start tomorrow,1
4024,Searching for #work in Akron NY? Send your #resume to Adesa Inc.. http://t.co/Ayu0sVtnde #gethired,0
4046,I got hired before I got laid off today #boilergypsy,1
4946,Anyone looking for a Job ? Orlando Premium Outlets 17 &amp; ‚¨ÜÔ∏è - Adidas/Reebok 18 &amp; ‚¨ÜÔ∏è - Nike/ Under ArmourThey are currently hiring HML üì≤,0
5220,Today is #EqualPayDay .Thanks #ObamaI will be more exited if I wasnt #Unemployed,0
786,Im hiring for two position in the Katy area. Full time and part time. Starting at $10 an hour hit me if youre interested.,0
6363,Lol I got fired from my minimum wage job today and got hired for an above wage job the same day. #merica,1
1036,As of June 8th no longer unemployed... just got hired as a data analyst / programmer at Cigna in Bloomfield...,1
107,The Macys I got hired at is on a spree apply if you can,0
4045,I got hired today and start tomorrow.,1
2807,Today gone be a good ass day! I just keep getting good news! 1st I get hired in. Then found out ion have to work tomorrow.,1
6465,Its funny that when I lost my job I lost you yet I supported you for 3 years before you got on your feet,0
4905,I am now hired at Guess as a fulltime permanent sales associate I was only supposed to be seasonal but hard work pays off. TYJ üôèüíï.,1
1156,well I was laid off today because the season is over so looks like its back to job hunting for me,0
4427,anyone know of any jobs hiring in Lansing????,0
3814,And.... Now Im unemployed.,0
5826,Now On my way to my first corporate job which I got on my own #blessed . NEVER GIVE UP !,1
4072,Except I did get hired today it was fun,1
387,Im Searching for an Executive Sous Chef in DC to work for an award winning Chef...must be cutting edge creative positive with amazing e‚Ä¶,0
7438,I am actively seeking Administrative Positions available to start ASAP!,0
3834,I am now officially unemployed! Yatta!,0
5024,Damn I got fired from my first job  I got to find another job soon cuz I want to buy iPad 4 and htc one.,0
7180,Hilton Worldwide posted a job you might be interested in: Senior Sales Manager - Embassy Suites Orlando International Drive - Orlando Fl...,0
6486,I knew today was a bad day. I just quit my 2nd job,0
4860,Anyone working in a bar/pub that is hiring?,0
2323,And I remember now why I shut down and didnt do job applications for a while. It makes me very aware of how long I have been unemployed,0
3994,Recently quit my job wanted to be more creative so I just got hired at a Makeup company while I can peruse my passions. #YOLO,1
4956,Anyone know whos hiring???? Im dying for a job so my jeep can be done by Halloween!!!! :(,0
4961,I need a second job like right now! Anyone hiring????,0
4161,I am a veteran who is unemployed finished school 6/14. Tooth broke in need of dental work. Where can I go?,0
5829,Im so blessed by my new job. Yall are gonna get sick of me tweeting about it all the time but sorry not sorry.,1
4054,I got hired at a job yesterday but Im quitting today because a better job came along does that look bad?,1
3974,That was crazy fast. I applied on Thursday interviewed Monday got hired today (Tuesday) woahhh,1
5650,I got laid off.  Why is not an emergency?  http://t.co/s8LUiWqMx2,0
4038,I got hired today at a new restaurant &amp; Im so fucking happy Im moving up Im getting shit done my grades are good and my moneys better,1
6365,i got fired today... hooray me,0
3373,so the place i got hired at 3 weeks ago is going out of business. alright.,1
5052,My 1st week at my new job went good &amp; on top of that I already hit overtime,1
3343,Natasha got fired and I got hired,1
6468,so i started my car salesmen job today i feel so outta my element lol &gt;.&lt; lol,1
6082,This week: relationship ended got great advice quit my job got a position as a teaching assistant met with dept. head about research.,1
2909,Being unemployed is a lot like being retired except Im not old and all my friends are busy at work all day what a bunch of nerds right?!,0
3304,Nigga I been fired from 5 jobs had to quit from 3 AND my whole workplace got laid off today Im 20 homie fuck that you just gotta #Maintain,0
5741,I havent been unemployed for 4 years its going to feel weird starting a new job,1
3700,I like my new job. Its fun and my co workers are nice!,1
4689,Today is the start of getting up at 430 everyday for workbut I could still be unemployed trying to be the very the best like no one ever was,1
3173,I was laid off from my job April 7. Seeking editing job. Appreciate all leads. View my LinkedIn profile: http://t.co/ogRrXD1eNZ,0
4104,I  put in my notice today at one job and got hired 30 minutes later to another üòÅüòÅüòÅ,1
2354,Anyone know of places newly hiring in Sierra Vista Tombstone Bisbee Fort Huachuca Benson or anywhere within 30 miles of here?,0
6403,Got fired today oh fucking well fuck taco bell lying ass another job gone come my way,0
3982,I just got fired then immediately re-hired.,1
6785,Lost my girlfriend and job in less than 24 hrs best day ever :),0
405,#Job #Nashville Manager Recovery Resolutions - Franklin TN: Franklin Position Description: Youll join a high ... http://t.co/xic9ZM35OF,0
7246,I was just laid off for the week...Meaning FATE HAS DESTINED ME TO FINISH THIS NOVEL!#amwriting #amwritingscifi#CampNaNoWriMo #nanowrimo https://t.co/d8oTiGCLeU,0
1691,Quit my job yesterday got a new one today,1
7389,This my 3rd day at my new job and Im already ready to quit .,1
3361,So it seems like I was fired and re-hired and didnt even know it or some shit.,1
4062,Got hired today  get my braces off tomorrow .. Ok April good shit,1
4592,Nobody knows the real story about what happened... People saying I got fired... People saying I quit... Lol...,0
5048,Well first 2 weeks at my new job and its a totally different shift than my last job Im liking the new atmosphere,1
6865,Hell yeah I got the job! :) It all started thanks to http://t.co/ZonHtLooEP #unemployed #resume,1
6920,LOOKING FOR A WAY TO MAKE EXTRA MONEY WITHOUT QUITTING YOUR JOB?JOIN WAKEUPNOWhttp://t.co/Fot1qF35xV http://t.co/bF4blUfJ6M,0
2566,Looking for a #Visually #Impaired (VI) Teacher Position-Contract-Long Beach CA #jobs http://t.co/f1I3uVyhmx http://t.co/3OdkFrqRLL,0
3820,The last quarter in which I worked full time at a reasonable wage (Oct-Dec) is not counted towards my unemployment benefits!,0
4098,I got hired at both of the jobs I had interviews at today. I am going to vomit,1
1718,Things I am learning today: Unemployment claims are filed in the state you worked last year not in the state where you were laid off,0
1983,Been working hard at my new job so I decided to reward myself! gibson #sg #gibson #custom #guitar http://t.co/o3HDIJvfLL,1
1255,Here is a great opportunity for an RN who wants to work in the Mother/Baby department: http://t.co/gcOCeLBiFn #jobs http://t.co/i1zk8DRky6,0
6870,Well I am now officially unemployed and sold my car. Thankfully it is all on purpose ahead of my move to Portland.,0
3656,I love my new job man.,1
4590,Money was made. Got put back on the schedule at work after quitting. I mean today overall was really good.,1
2346,weird mind place bc my job made me depressed which led me to drink dangerously but I can tell Im a different depressed being unemployed,0
5278,Unemployment its been real - but Ive got a new friend now. Its a senior-level position at RED Digital Cinema. They help make movies.,1
5297,@VAMOSteph Its actually okay. I was planning on quitting next month. They eliminated my position instead. So I get unemployment at least!,0
3168,@RedLaurent I dont know yet. Im trying to find a job first after being laid off from my last one. Well see,0
5774,Know someone for this job? Java Equity Developer (3 roles) in New York NY https://t.co/BIR6YPYvS2 #java #dev #techjob,0
2575,Looking for a job? Employer with a position to fill? Energy JobsHQ is the new O&amp;G job board that has you covered! http://t.co/sPsVDISJQ6,0
966,I went in American Eagle and filled out for a seasonal position less than an hour ago &amp; they just called &amp; ask me to work tomorrow,1
103,Got hired as a music sales rep today so entirely expect my life to get much more Mad Men-y,1
7159,I am currently unemployed. But I do wish both teams and teammates the best of luck and injury free season https://t.co/l0NwPJOM3L,0
1375,Interested in a #job near #Mesquite TX? This could be a great fit: https://t.co/9u74BCVmIc #Veterans #Hiring #CareerArc,0
3663,Wow so far I already fuck with all the managers at my new job.,1
7622,God is awesome.  I never thought after seven months of unemployment I would have students asking for me after four weeks of a new position.,1
1337,Interested in a #job in #Mesquite TX? This could be a great fit: https://t.co/5ovnROc70Z #Retail #Hiring #CareerArc,0
111,Yesterday I applied everywhere within view saw the worlds end slept for 3 hours got ready for an interview hired on the spot.,1
7163,I am unemployed and desperately need a job Please pray so that i may be de~ https://t.co/xnnLQy9GmU #pray #prayer https://t.co/Gxai3wOsFT,0
1174,In other news I got laid off today. #ayyyyyye,0
4097,Fuck yes got hired at Eskimo Joes. I will not miss Oreganos one bit.,1
2991,So I recently started work for a pet boarding/doggie daycare and someone was REALLY fucking happy to see me this mo‚Ä¶ https://t.co/GDPFizGxUw,1
6430,Dylan lost his job &amp; I got a job today ...funny,1
6550,Today is my 2nd day working a new job at a work-from-home position!,1
2936,I applied and got offered a position today in which Ill be able to use my college degree,1
5724,Hell yeah I got the job! :) It all started thanks to http://t.co/4AFhqX1nIh #unemployed #resume,1
3194,my swag is currently middle age dad who while searching for a new job after being laid off has finally landed that dream job hes wanted,1
64,Crazy how I got laid off just last week &amp; got a new job already,1
6625,Dell posted a job you might be interested in: Network Design Consultant - Dallas/Fort Worth Area US.,0
3598,Temp job was just offered. I wanted to take it but too far. Vehicle in shop.lost the battle but will win this war on unemployment,0
3223,Wow I just realized I got laid off and hired in one month. Laid off April 7th hired May 7th. Really got a job in one month.,1
7022,So I got a part time job counseling kids and families. Was fired today. Riding Harleys and smoking cigars was cited as reason. Bad example.,0
6056,Been working at my new job for a month and today I got offered a shift manager position. Couldnt be more thankful for the opportunity. üëç,1
342,I am currently looking for Networking Partners. I am looking to trade referrals. Looking for Web Developers CPAs Advertising Payroll....,0
278,Today I applied for 3 jobs and like I dont want any of them,0
2748,#Job #Milwaukee Sales Opportunity (Waukesha): Position Information Position: Automotive Program Sales Consult... http://t.co/fh6DujIP3Z,0
4077,Got hired to change brakes and  clean a car oooooh yes,1
2751,I am seeking indie/underground musicians in the greater Seattle-Tacoma to network with as well as the region.  http://t.co/IOpMgQLXoP,0
4822,Im watching the Doctor Who 50th Anniversary Special because Im a big Doctor Who fan and Im also very unemployed.,0
1958,In my past 10 days at my new job my boss has been out for 4 and in late out early for 6 because he can #rolemodels,1
746,Looking to earn some extra money through the holidays and beyond?  The City of Miami has a position you might be... https://t.co/XhFjPitWZz,0
7161,Currently unemployed. What now.,0
2904,now I work at value village. where will I work next week? any bets???,1
6400,Well I got fired from my job today for stupid reasons...,0
1997,I was stressing over leaving my old job but my new job treat me like I own the place. You really gotta be willing to progress,1
3902,#Accounting #Job in #Morristown  NJ: Accounting Manager Real Estat... at Robert Half Finance &amp; Accounting http://t.co/Kjg1HRYse0,0
2853,Looking for a career change? Working with Accounting Principals has perks http://t.co/Kq5ImxBGf0 @acctprincipals,0
2021,So Im starting this new job at a news station the same day SmackDown is in town. Holding out hope someone shows ip to promote on my 1st day,1
6509,I havent openly talked about this but 5 months back I was let go from a position I moved from NY to LA for (after 1 month). I was heartbroken &amp; felt pessimistic about the idea of loving what you do &amp; that I a recent college grad could be successful in the workplace...,0
148,I then walked out the same job I got rehired at... I feel kinda guilty,0
1084,I am looking for a UI UX designer for a Perm FTE position in #Sacramento Do you know anyone? Reach out to me. 916-403-4076 #ITjobs #looking‚Ä¶,0
2943,Same day call interview and Hire! Thank You Jesus! I will officially have a teaching position this upcoming school year!,1
2160,Searching for #work in Concord CA? Send your #resume to Volt Workforce Solutions. http://t.co/4Q31onhycN #gethired,0
2024,Got fired a few weeks ago for showing up a few minutes late several times. You can ask my boss. Got hired back and put on days. Its cool.,1
4759,Tired of being unemployed especially after searching for so long. All I need is an entry level job people! Come on!,0
3219,Got laid off and paid today. W.e. Im in the union I start working in the next 2 days.,1
5099,I got fired earlier and as soon as the store closed I went back to ask for my job back and they immediately said yes lol,1
5700,Ive Now Been Unemployed For Four Months Now. I Cant Start My New Job Until I Get My Fingerprinting Physical &amp; PPD Test Done.,1
2019,I unknowingly started my new job today so yeah thats great,1
5018,I GOT A NEW JOB THAT STARTS IN A MONTH JUST INCASE I GET FIRED FROM MY CURRENT JOB BEFORE THAT.,1
3306,Got fired today..,0
5191,Might be wise to explore another income stream......because eyan le get laid off any fuckn time.,0
6470,today I got a job &amp; today I also lost that job smh,1
7266,@THEBEST110985 I am currently in between jobs.........used to work for the Postal service but got laid off.,0
1161,Today I got laid off but at least things in this ARG are really heating up. #ingame,0
4651,I quit my job today...,0
7173,Looking for work?  Are you unemployed?  We are now hiring. http://t.co/uwCbHWfUuh http://t.co/ryNj95gBih,0
384,I am looking for some extra help. I am adding an auto repair technician to my workforce. Email me twonutsmessage@gmail.com,0
3120,today I quit both my jobs accepted Jesus back into my life and quit all hard drugs,0
4631,OmG I just got hired at the bank I applied to ha Im quiting my current job thank you jesus thank you lady who interviewed me,1
1440,RT @Neil_ODonnell: Unemployed or looking for a new career path? Discuss options with a certified career coach https://t.co/bVetho3MN1 #jobv‚Ä¶,0
594,Did anyone else get hired at the mall for seasonal???,1
6556,Finally started my new position today at work and man oh man am I happy $,1
3970,I just knew I was gone get hired today walk in with positive vibes youll get a positive outcome!,1
721,Trying to figure out the job situation. I was fired due to scheduling conflicts. (School). Which is illegal but hey,0
927,Got hired  t best buy mobile last week &amp; today I have an interview with FedEx for a customer service rep position! #needthat#,1
5943,Choose a job you love and youll never have to work a day in your life. Were hiring! https://t.co/6X0KNEL5uF https://t.co/ruUw9ga4sD,0
1995,First day at my new new job &amp; my boss is 10 mins late when I was 10 mins early..Hmm.,1
4761,Apply Today: Are you searching for a Social Media Job? Use The Social Web App. https://t.co/p2cUeub9bH #unemployed #jobs,0
722,I have been fired by Pepsi. I tested positive for Coke.,0
26,officially starting may 11 at my new job wooooooo. i got laid off early feb and this new job seems like a step up in a lot of ways.,1
3294,I got fired today and got hired somewhere else with more money 30mins later lol,1
4100,I just quit my job cause I got hired some where else &amp; I start today YES GAWD!,1
2732,#Job #Georgia Trainer Plant Maintenance at http://t.co/MaYS1DgaSa (Cumming GA): SUMMARY: This position is resp... http://t.co/kCxvW9pnDH,0
1706,Sucks being laid off. Least I get unemployment,0
6075,Starting work at my new #library today helping @ circ. Training for my new position starts Monday at reference #excited #nervous #changes,1
2053,Looking to Hire or Be Hired? Turn to Social Media (Job Recruiters Love It Too) http://t.co/AM4dwL9eTe,0
3960,I just got hired at a dental office things couldnt get better,1
400,I am Looking for work in fixing #computers or #security #jobs.https://t.co/wCK1SPs6rv#fintech #bitcoin #rimbit #crypto,0
5728,Hell yeah I got the job! :) It all started thanks to http://t.co/JDWIP6NvwK #unemployed #resume,1
3670,My Mama Just Called &amp; Congratulated meh on my new job,1
6150,Google posted a job you might be interested in: gCareer Program 2015 (Japanese-English Bilingual) - Within 23 wards Tokyo Japan JP.,0
98,I just got hired and today is my first day and I already really dont wanna go to work,1
4049,Received a phone call today from Dollar General.  I got Hired! Woot woot!,1
5053,I recently quit my day job. It was one of the toughest decisions Ive had to make in a very long time. Somehow... http://t.co/vn8PJbOxqF,0
2754,i am looking for someone who is experienced with designing and making flyers. Please hit me up i have some work to be done. will pay,0
3665,I start that new job Wednesday at 6 am. I gotta stop this bullshit 3 am stuff,1
3571,i got part time counseling job at an evening program. going in tonight to learn the ropes :) no longer unemployed,1
4043,So i got hired today rite away and start tomorrow at my new job,1
7501,I am job searching for: Work at home jobs! http://t.co/4tgcXWg6JK ‚Äî Walker Inklebarger (@Walker_marocliv.... http://t.co/1xsVyjqnJg,0
6538,Last day at my present job start my new position Monday!  Both happy and a bit melancholy been working with these folks for almost 10 yrs,1
1065,I am Looking for work in the Oakland California area.https://t.co/GYOhEV0xqG#JobListing #JobOpening #JobTips #R√©sum√©,0
150,I didnt get fired but I just got hired.,1
7588,I have been Hired by Exeter. #FootballManager,1
5693,I finished at Barnes and Noble yesterday. I start my new job Monday. Enjoying 2 days of being an unemployed bum.,1
3309,My club fired me last night I called this morning and told them Im filing a lawsuit they rehired me so fastüò©üòÇüòÇüòÇ,1
7669,Searching for a new #job this weekend? Grab a ‚òïÔ∏è and check out our open positions: https://t.co/CTSsx0oI9o https://t.co/bwwDBdg8Gs,0
5002,I am late on my first day at my new job and Im prob gonna get fired already I suck,1
4731,Why dont people want to hire in the middle of the summer??? Broke life aint fun,0
2032,Looking for a great career? Get Hired! https://t.co/1vxCFQSFja  #jobs #trending #jobsearch #career #job #gethired #hired #job #RT #CEO #CFO https://t.co/srkvLSYBqg,0
1025,Interested in a #job in #Kentucky 20005? This could be a great fit: https://t.co/qJpKzeZIWg #NowHiring #GetHired #SupplyChain #Hiring,0
7071,Went from quitting my job to being out of work for 2 months and now I have 2 jobs,1
247,got hired to be tutor in my summer statistics class even though I know as much about statistics as the guy Im tutoring,1
6841,First night at my new job was so much fun... Yaaaay Michelles not unemployed anymore!!!!üòù,1
192,i got hired on the spot by Mister E...or just E the finance guy who worked at HYundai Mazda and @HarrelsonNissan ask tre about E,1
2559,Looking for a teaching or education position? @cityyear @cschools &amp; @AUSLChicago are attending the Winter Career &amp; Internship Fair,0
5738,I‚Äôve been unemployed for 3 days and i am already so bored. can‚Äôt wait to start my new job monday.,1
1673,Got fired got hired and quit a job all in the same day üòÇ aint that some SHITTT,1
1709,everett says: I was laid off in Aug 2012 with the intention of not filing for unemployment but still dont have... http://t.co/FY6ZiAEs,0
3544,I GOT A JOB MY CO OP TEACH CAN NO LONGER SHAME ME IN THE ART OF UNEMPLOYMENT,1
7600,Recently laid off? Check out the #ILworkNet Layoff Recovery Guide to get back on track with your employment goals! https://t.co/5RUFutgcF8,0
325,I am looking for a self employed IFA who may want to work for a new dynamic wealth management company based in Nottingham. Know any??,0
2237,I was employed and now im unemployed again. #walmart #seasonal #temp lmao.,0
243,Got hired for a new job today. Pays $4 more than my current job full time + benefits. Moving up in the world!,1
3964,oh right my boss emailed me today ASKING IF I WANT TO GET REHIRED FUCK YEAH I DO,0
3024,just started my new job and some bitch i work with decided to tell me that my bf fucked her in HS? Like ok? Do you want a cookie?,1
2983,Weird state of my life. Yesterday I was being interviewed for a position today I was interviewing people for a position.,1
4978,I got fired from my job today!  Its about time!  I hated that place,0
2801,Went applying today got hired on the spot. Worked a 12 hours shift now Im tired af,1
4779,I #need #cash #fast but i am unemployed https://t.co/j8o355OMXz,0
7017,I fired my employer today,0
295,Got hired right after I interviewed,1
2371,Anyone know of places hiring?!,0
4738,Does anyone know of anyone hiring? I am looking for a part time/ full time gig during the midnight hours. Anyone? Anything? #WesternMass,0
2764,I am looking for a mom or moms who want to earn a full time income while working from home! All you need is a... https://t.co/GMoVaokf6x,0
2008,everyone at my new job calls me Kimberly &amp; I feel like this is a great opportunity for me to have an alter ego,1
2092,Top Story: Looking for a great career? Get Hired! https://t.co/1vxCFQSFja  #jobs #trending #jobsearch #career #job #gethired #hired #job https://t.co/6Jak1J2OG5,0
7637,A2: Im currently not working but I am looking forward to use more of the suggested leanings like  cost per conversion etc. #mgmt6650,0
3703,Looking for a job or an internship? Americans for Prosperity is hiring! Apply today! #job https://t.co/fxLuU3OFNU,0
4734,Anyone kno of places near glassboro thats hiring? #mommyneedsajob,0
1743,Laid off Friday unemployment office Monday sigh,0
1982,I should of starting working at this new job this week now Im home bored asf,1
4841,Anyone working in retail know places hiring ???,0
7626,I got the position! I am now a part-time sports clerk for the Charleston Gazette!,1
2115,Searching for #work in Albuquerque NM? Send your #resume to New Mexico State Personnel Office. http://t.co/iCPzGjdNAw #gethired,0
2356,Is anywhere hiring?? Someone please tell me of somewhere,0
5629,If only been laid off for 2 days are i have a potential job lined up. I must be lucky or something.,0
932,Got hired to be a music reviewer again next semester but idk if I should take the position or not? Hmm.. decisions decisions.,1
7510,Got hired for one job last week and just got offered a job with the charity I volunteer for today #blessings,1
1582,Looking for a job? Assistant Project Manager - Wind Energy Group (IRC11056)Job Details at M. A. M... http://t.co/ZH10ujjfJQ #green #jobs,0
2601,Job fired you? Or laid you off?Looking for a job and no one will hire you?Hire yourself  this has worked for... http://t.co/fR0Wx7N4vJ,0
5028,So I decided to delete my Twitter in a couple days so I dont get fired when I start working at this new job for something I put up,1
3018,Ok so I just started my new job and found out 4 of the girls I work with are lesbians,1
1190,2 weeks ago I got laid off 2 weeks later I got 2 jobs paying more than the one that laid me off! üòÅüò≥,1
5641,As of now I am officially laid off. Yippee.,0
3302,I got fired today......,0
1548,This week I got into a massive fight with the guy who got me pregnant got fired from my job broke my new phone and tomorrow I have to go get std testing done because I was raped a few weeks ago. It‚Äôs only Wednesday. If there is a higher power it wants me to give up.,0
3188,Well my life has changed again. I was laid off from my position yesterday due to sales has decreased drastically... http://t.co/NtesFPKvky,0
7589,#WWE has hired me in the short term to replace superstar Sheamus who will miss 4-6 months with a torn labrum. #BadBartkowski #Fella,1
3056,Today I made a customers day and a customer made mine: So I recently started a second job working in retail ... http://t.co/osuM8pFwt2,1
2884,After 141 days of unemployment I am so excited to be at work tomorrow morning!,1
1173,Got laid off and rehired by the same people as full time 1-2 weeks later..,1
43,Ill check this out within the coming days because Ive been terminated laid off and or locked out from my previous job. Thank you benefits,0
716,Guess I am fired not showing up last two days. Well I was gonna he tossed like garbage on a key error or whatever,0
2916,RT @DrunkenGeeBee: Just got offered a position doing what I want to do and at about a 20% raise from the job that fired me. So yay today!!,1
5748,Anyone know any places that are hiring bc im really close to quitting and walking out,0
4066,whatever i got hired today so thats good,1
3673,2nd day at my new job still sitting around doing paperwork. Thats going to end real quick cant wait to start!,1
2175,Searching for #work in Cleveland OH? Send your #resume to Amotec Inc.. http://t.co/bNF6YGmSrA #gethired,0
408,#Job #NewJersey Entry Level/Management Customer Service Positions: NJ-Trenton What Are You Worth? Beginning a... http://t.co/YV7CA9H5ng,0
4103,I got hired again to babysit and made $30 I FEEL RICH!!!!,1
3281,Looking for that perfect job? Download the BlazeJobs app now! #okcjobs #job #nowhiring #getfiredhttps://t.co/fSivfOKPmx,0
5073,When I woke up this morning I did not think that I would be fired from asked to return to and quit the same job all within a span of 2 hrs,0
5015,Ive been at my new job for a week and I just broke a fucking table in half so Im sure Im getting fired.,1
5264,I can sleep late and still get in dumb sleep.... that unemployed lifestyle,0
7370,I quit my job yesterday and start my new job on Monday. Dad calls me this morning: How does it feel to be an unemployed Mexican? #jokester,1
7603,Now hiring: Unemployed or laid off? Hiring ASAP!! 35k-60k 1st Yr http://t.co/TUabmezD9M,0
982,If youre a hard worker and interested in making real money as a delivery driver hmu and Ill get you hired,0
3773,i was employed for two days but now i am Unemployed,1
2202,Starting week #2 of being unemployed and I am still freaking out :( I need a job and soon...,0
4485,Ummmm anyone hiring ?? Need a good paying job asap,0
924,Got hired  t best buy mobile last week &amp; today I have an interview with FedEx for a customer service rep position! #needthat-,1
2339,oh man im like unemployed for three days. but also new job in three days! also also three day weekend!,1
6380,I got fired from one job today &amp; hopped on another job today &amp; start tomorrow man god is good. #blessüôè,1
4975,I got fired from my job today,0
116,Lost my job yesterday. Jus got hired again LOLLL,1
7178,Looking for work?  Are you unemployed?  We are now hiring. http://t.co/uwCbHWfUuh http://t.co/hIAJMSf8Yp,0
6851,3 yrs ago I was #unemployed but today I work when I want from home. Heres where I started for FREE! https://t.co/LnOwNmremq #BMRTG #TGIF,0
604,Who calls somebody this late at night to tell them theyre hired!?!,1
3311,i got fired and then rehired haha,1
7368,Im sitting at my new job 15 minutes before my first shift &amp; its so busy I want to quit.,1
3354,I Got Fired  &amp; Rehired lol,1
1264,I might be interested in working at best buy.,0
4799,I GOT A JOB. AFTER A MONTH AND A HALF OF DESPERATELY SEARCHING AND BEING UNEMPLOYED I GOT A JOB!!! NOT... http://t.co/2ySacheO0R,1
6957,I Quit My #Job To Be A Travel Writer And Now Im Broke And Unemployed https://t.co/TJookgIRVd https://t.co/BZ8wIQgH0y,0
130,Craziest thing happened to me today..i lost my job..then got hired by another one an hour later..pure awesomeness,1
3825,I am now a working man.,1
3328,Quit my job last night got hired on the spot this morning.,1
2711,#Job #Austin Tutor Positions-Sylvan Learning(South Austin) (South Austin): Sylvan Learning is looking for dyna... http://t.co/fQYfrKO0rm,0
2967,So my job just offered me my position full time just after me working two weeks which I did full time..,1
7383,I started a new job yesterday and I think I want to quit already omg what am I doing,1
2383,Interested in sports law? Law firm hiring someone to help represent schools in NCAA compliance and infraction cases: http://t.co/e2ZLscv4m0,0
1979,I recently quit my job to make $9023 from my phone PRESS THE LINK INSIDE BIO to do it too https://t.co/E9a1gJhVqX,0
2221,Have you seen my mid-week video? I decided to vlog whilst unemployed! http://t.co/HrrU0wdnx7 #lbloggers #crazybloggers #bdib,0
6980,Ive been working at my 1st job for little over a month &amp;I forgot I worked today &amp; now I feel like shit cause Im worried Im gonna be fired,1
3296,I got fired today then hired seconds later HA!! #MyLife,1
2963,I lost followers for announcing my new position as a software developer. Niggas is haters forreal,1
4409,Currently at work looking for new jobs so I can quit my gas station job.,0
969,I had 2 job interviews today &amp; nailed both. got the offer for both position on the spot! now I just gotta pick.,0
2976,I went to a job interview and got offered a supervisor position. Look at God,1
3955,My life just got 5 times harder got hired at Abercrombie &amp; Fitch man over night! God has been to good to me!,1
5575,I also had an internship and quit it since the time we talked. Im looking  for a new one as we speak.,0
1443,Need to Make a Career Move?  Need a New Job?  Unemployed? @leezabyers Can Help: http://t.co/TM8D0jFSEs,0
256,i think i just got a job??? meemployed????????,1
4829,I learn by fucking up shit. In other news I am unemployed,0
3890,#Abbott is hiring a 2015 #National Black #MBA Opportunities apply now! (#Illinois) #job https://t.co/byg4s1rAC7,0
1402,Unemployed Under-Employed Unhappily Employed? Find jobs &amp; career solutions on LinkedIn in JCD The Job Seeker &amp;... http://t.co/7yGVPujzCw,0
88,Went job hunting today and the 1st place I went was boca tanning I got hired on the spot without even filling out an application‚ò∫Ô∏è #yayme,1
4981,so i got fired today,0
4084,Got hired at @Starbucks today and tried the Pumpkin Spice Latte and it was so good,1
946,right so today I went to apply for a cashier position at this restaurant and it was hella fancy and I had no,0
2795,got hired at two places todayand got all my homework done ahead of time. adderal goes the hardest,1
780,New Yorkers: its hard to compete with the sunny weatherbut we have an intern position you might be interested in. check us out on FB.,0
6602,Here is a job opportunity with a company that is working with our school:ROLE: Event WorkerIN SHORT:We are a... http://t.co/hM78jIIYIO,0
6112,Google posted a job you might be interested in: Business Intern 2015 - S√£o Paulo Area Brazil BR.,0
7115,Just got fired.  I know I should be worried about being unemployed BUT IM SO HAPPY I FEEL LIKE SKIPPING IN CIRCLES!,0
4819,I have taken over 40 pictures of my brothers cat. TRUE LIFE: I am an unemployed cat sitter.,0
6537,I recently started a new position and I truly feel as though I am at the right place doing the right thing at the right time! #lifeisgreat,1
3533,I didnt fire anyone today. I suppose thats a good first day to position myself is a benevolent leader.,1
5631,I am having blackouts at work and saying crazy things that have gotten me temporarily laid off. Is this stress or PTSD or neurogenic syncope or.... I just finished with my awful awful brain.,0
2149,Searching for #work in Scranton PA? Send your #resume to Judicial Branch. http://t.co/amKhs7c8Oc #gethired,0
2866,Ahh last day on the bench. starting work Monday what do I do with my last day of unemployment!!??,1
2200,Officially unemployed. Im gonna miss all the little kids from work some good memories with them.,0
3709,Looking for a freelance position? - Check out #jobsboard with 50822+ jobs includings freelance work - http://t.co/bUfvdLRs9v,0
2941,I ALSO GOT PROMOTED TODAY  finally have a management position üéâ,1
3372,This Week Couldnt Get any Better. #Seahawks Still Playing Return Of The #Sonics &amp; I Got Hired.,1
6619,here is a cool job opportunity at my company in our Boston office. youd get to work with me! writing/engineering: http://t.co/oTFW37S81B,0
6606,Heres a work-from-home opportunity to explore your passion for #fitness &amp; #nutrition. #hiring #careers #BeTheForce https://t.co/sdzyNSXmEe,0
1985,I recently started my first #law job. I am feeling overwhelmed. Any advice? https://t.co/RNsmj6AEyB,1
1179,Got laid off today. If 2016 could stop trying to crush my fucking soul...I would be so grateful.,0
6539,Of course when I tell my old job about my new job they offer me a full time position. Where was that about 3 weeks ago?,1
2430,Looking to Hire or Be Hired? Turn to Social Media (Job Recruiters Love It Too) http://t.co/26aUm1zStc via @marketingprofs #socialmedia,0
5662,Just got laid off so making music is keeping me spirits up:) https://t.co/1R6347CLMU,0
1562,I got fired from one of my jobs bitch Im straight to the Welfare office like can i get some food stamps or nah,0
4791,I have been working my ass off applying for jobs networking and volunteering and somehow 5 months after budget cuts Im still unemployed.,0
6565,does anybody thats working know if the place youre working at is hiring? needa job,0
934,I got the pharm. tech position on the spot. I got the email to start my job at the hospital on the 3rd today I got a large check for my car,1
4183,So as of 430 today I am currently unemployed again :( although we still have one paycheck left,0
2338,Ive been unemployed now for about 5 days...I am not about this life #ineedanotherjob,0
358,I am job searching for: Work at home jobs! http://t.co/4tgcXWg6JK ‚Äî Walker Inklebarger (@Walker_marocliv.... http://t.co/wResUHuArJ,0
5781,Whos hiring?! So I can quit my current job,0
7381,Yesterday was the first day at my new job. Cant wait to quit.,1
2995,My new boss is the nicest guy. Actually looking forward to start working,1
4055,Today I got a morning run and evening run in got hired on had a taco ... Tuesday complete,1
5749,Im looking to quit teaching after 18 years of being an educator Im looking for my niche? Anyone out there hiring? #myniche,0
2046,Looking to make a career change? http://t.co/4Ij4flTi9y       #linkedin #monster #hotjobs #gethired #careerbuilder #jobs #hiring #management,0
2083,Looking for a Career Change? Join this #Sales / #Marketing team. https://t.co/4uPBz2auIw #gethired #collegeathlete,0
2020,Ight so I started this new job today right so Im in training class and the big manager dude ask who knows someone that works here this,1
5674,I went from being unemployed to having 4 jobs in two days...my body wasnt,1
1252,This #job might be a great fit for you: LPN/RN Interested in working 12 hour night shifts!! - https://t.co/iJpqtXbN61 #Raleigh NC #Hiring,0
755,#Maintenance Technician #Are you interested in an entry-level position with a growingproperty management company? If you are ready to start your career this couldbe the opportunity for you! RHP Properties* ( https://t.co/2NXiLmE1pD via @jobsearchmoney #jobs #search https://t.co/DP3a3YL2As,0
6376,I am a 4.0 GPA student w/ lots of experience. I got hired today for $15 an hour. I wonder who will get fired when they raise the wage to $15,1
3520,Fired my best friend today accepting applications for the new position https://t.co/RsJPSXEALe,0
1193,Good news bad news time. Bad news I got laid off from one of my jobs. Good news just got a  position at one of the 8+ Gamestops near me,1
5715,On my way to my first day at my new job after being unemployed for what felt like forever. Im tired as hell but Im stoked.,1
17,I was recently laid off by a large bank. Today they sent me a credit line increase and some fake CC checks. Dont they know Im out of work?,0
7045,I will not be waking up tomorrow to go to that stupid job that i quit! They  can all fuck off! :)  i will be unemployed however oops...,0
1840,I am looking for a #BookingAgent looking for great sales person For more info and to apply:  http://t.co/IjViG3EACn #jobs via @skillpages,0
1239,A business opportunity you can work from home and get paid daily!!  http://t.co/pIMK53yJfx,0
4059,I GOT HIRED TODAY THE DUDE IS ACTING WEIRD NO WORRIES THE JOB I WANT IS GETTING READY TO CALL ME BAC SO ON IT WAS ON HOLD SOMETHING HAPPEN,1
4773,My new hobby is filling out job applications. #GetAJob #Unemployed #HireMe!,0
3684,Two more shifts at my old job. New job starts Monday. OMIGAW EXCITE!,1
5288,RT @Flashy_Words: 6 weeks of unemployment &amp; I accepted a position today. I‚Äôm gonna treat myself to drinks &amp; sushi &amp; a pedicure!,1
3170,@laidoffleftout I am also one who is laid off from the construction industry and got a better education who still cant find work. #renewui,0
2508,This week I started my new position at the ACS as Sr. Manager of Community Events!,1
298,Got hired at my favorite Cannibus Club Dispensary they said I come in there so much to buy edibles and weed lol,1
3956,Almost won in the works bingo for $50 and I got hired today lmao,1
110,I got hired on at 8.50,1
605,me: are you hiring? employer: yesme: **submits resume**........me: *calls back a couple of days later*employer: sorry we just hired some new people ..BITCH WTF,0
977,Interested in a #job in #Ohio 20226? This could be a great fit: https://t.co/eLTq7v9hOw #NowHiring #GetHired #Manufacturing #Hiring,0
125,Today I was rehired for my job! :),1
6102,Heres an opportunity that you wont want to pass up: Supervisor - https://t.co/yuUf7Klzwq #Retail #Tampa FL #Job #Jobs #Hiring #CareerArc,0
948,@Mayhaaa thanks for letting us know about Ms. Little and that job position. i got hired today :),1
5240,this might be controversial but i love being unemployed,0
3345,my dad just fired and rehired me within five minutes so thats fun.,1
910,Got offered a full time position at work which I took! Got a car yesterday &amp; if someone moves out before the 17th I will have my own place!,1
5095,I got fired from my job last week now I might go back to hm,0
920,Got hired at best buy mobile last week &amp;amp; today I have an interview with FedEx for a customer service rep position! #needthat,1
3247,The manager made it clear she doesnt need/want me there after looking at a new job &amp; gave me the option quit or be fired. Why not be nc/ns?,0
742,We are hiring! If you are interested in a part-time position either serving or driving then send us a message or call 848-8777.,0
6505,I had a talk with the board of Directors at $JCP today  I have taken a large position in JCP I told them if I lose money someone ........,1
6991,Today I was fired from my job bc I had to take time off when my grandmother died. This has been irrefutably the worst month of my life.,0
3338,I got hired at a job last week &amp; quit the next day &amp; skipped two interviews that I had this week. I cant with myself.,1
3804,Well fuck unemployment was declined... Im so fucked right now #morebadthings,0
2029,dont know how I feel about being fired and rehired all in a span of 2 days. so weird honestly.,1
1682,I just got hired in today and im already thinking of quitting by the end of the year....smh,1
2118,Looking for a new #career? Get Hired By the BEST event May 4. Award-winning employers. Register today! https://t.co/6TXkU51LRw #GetHired,0
4286,@Kirk_Hinote @catwahler unemployed sorry. Will üôè4them.,0
6379,Got fired today lol this day cant get any better,0
4267,Two new rts join the family after financial and mental health debate. Autumn and Drizzle are here to stay #unemployedbiograd!,0
7494,So I got laid off this week and kicked down a few notches by some. Oh its hard to focus on the positive some days but Im trying.,0
1114,Why am I searching for a job rn I dont understand why im doing this. I cant apply for financial aid if I get a job kms what is my life.,0
117,I quit and got hired in then same day because i sold another car ya boi is on fire lmao,1
4806,I am looking for a job been unemployed for a month @SERHouston @HOUcustservice @Tweet_Houston @HoustonJobsFair @JobinHouston1,0
6440,I lost my job my house my wife. To tell you the truth don‚Äôt know how I haven‚Äôt lost my life: Independence Day. http://t.co/CKM0ux6YVt,0
1211,got laid off today #LoL #WTF DRINK A #Beer for #Dinner,0
6495,@adamjw84 Lost my job beginning of Sept not not in a position to right now. Starting a new job Monday when situation improves I will.,1
3954,So I lost a job opportunity b/c of an idiot receptionist but they hired me for something I didnt even apply for?,1
7118,@strundbooks fired me for refusing #circumcision but i think im eligible for unemployment. #xmas is saved,0
3543,Yes I Got The Job Im No Longer Unemployed Now I Really Dont Need Nobody All This Is For DaMorra My First Pay Check Going All On Her!!!!,1
3593,I came to Orlando worried about being unemployed and now I have 2 job offers to choose from #sweg,0
5117,I got fired Friday. Job interview Monday. Accepted the job offer Tuesday. First day of work Thursday. This is all happening so fast!,1
1326,Interested in a #job in #Mesquite TX? This could be a great fit: https://t.co/QyhuaoF5Ql #parttime #Hospitality #Veterans #Hiring,0
2157,Searching for #work in Columbia SC? Send your #resume to Palmetto Baptist Columbia SC. http://t.co/IhFw5nWjEH #gethired,0
4016,Yea so I got hired as manager of a pizza place so prob nvr eating pizza again thats my new thing,1
943,Well got hired for a new position here in the admissions office as a fellow. Hopefully it can help transition into a full time counselor,1
907,Today was a good day! Found out I got the position I wanted &amp; some woman randomly gave me a $5 tip,1
1956,Recently started my first FT job. Should I be paying more than the minimum on my student loans? - https://t.co/n7fgL3fDFR #taxreturn #taxe‚Ä¶,1
926,Last week I got hired as the Scenic Designer of an awesome play! Today I was offered the Art Director position for a TV show! So thrilled!!!,1
3951,Today I was hired for a summer job at a gift shop. :D  I wont be unemployed forever!,1
1275,Interested in working a temporary seasonal job this holiday season? Here is why you should be- https://t.co/xogOEw2vsh,0
4041,I got hired as an artist through an online service today.  First time that has happened. Let‚Äôs continue this shall we?,1
5043,One of my managers took me off the schedule for a whole week or fired meBut just got a new job offer from a different place god is good,1
4618,i got hired at 678! time to quit todai!#todai #toDIE!!!!,1
3324,i am the only one who can be fired and rehired within 1 hour,1
1850,I AM IN SEARCH OF MODELS WHO WANT TO BE IN A CREATIVE BRIDAL PHOTOSHOOT!!! RT &amp; DM ME ‚ú®,0
1033,ok so i got hired for 2 jobs now. one bakery another a coffee shop the fam says do both. I gotta go into one today at 2,1
3074,And I quit my job today....,0
3711,Looking for a job in #Arlington #VA? CAT II Bengali https://t.co/38oJl3yY6i #jobs #hiring,0
2877,now i am back working  i am just going pay the salon to do my hair.,1
5290,I worked a paid internship for 2 months and got a full time position. I dont have time to be waiting around for old fucks to retire,1
987,Interested in a #job in #Ferndale Washington? This could be a great fit: https://t.co/4NUHJqC3Rw #NowHiring #GetHired #Accounting #Hiring,0
2156,Searching for #work in Warsaw IN? Send your #resume to Ivy Tech Community College. http://t.co/LWP93OYNuc #gethired,0
6627,Oomfs just got hired now is on his way bout to get fired,1
6621,Jobs you may be interested in: Fireworks TechnicianThanks Career Builder.,0
6702,Earlier today I went to get my last paycheck and my 2 betta fish from the store I was fired from on Wednesday. I... https://t.co/UwXti01KV8,0
5232,Since i am unemployed now i am becoming the family taxi and errand runner :(,0
3674,I cant wait to start workin at my new job.,1
2241,A month ago I was unemployed and now next week I have work every day,1
5997,@Lawwren__ We saw that you need a job we would like to hire you To become a part of or team now go to this page @_YouAreHired_,0
6528,$ILIV going crazy I took a position yesterday morning $$$,1
3792,I forgot to put on deodorant yesterday AND I witnessed my dog poop out a stuffed animals eyeball. #Unemployment,0
4078,Starbucks hired me today and have me double shots and so much coffee and now I am powerful,1
6857,Now that I have a job I dont know how working women can have a lazy ass unemployed boyfriend.,1
752,A friend is looking to hire an entry level marketing position. Let me know if you are interested. #mnjobs,0
7676,RT @clarissa: Im a UX designer/developer/strategist looking for a new position preferably to work remotely. Anyone hiring?,0
3451,Who gets fired then hired in the same day???? @AlyciaLeee #BALLER,1
560,Fired jail employee says she was treated unfairly: A former county jail employee fired earlier this week for‚Ä¶ http://t.co/nutav1vF3w,0
85,Got hired at a bank life is good,1
4784,Second update on job. Im unemployed again. So the search continues. Why cant I plant my feet? Whats wrong with me? Is my mind fucked up?,0
81,I got hired as a camp counselor for short term teaching chorus and adventure time at Camp Waldemar!!!! Today is good. God is good.,1
1991,Im already subject to termination at work and I started 3 weeks ago lol . I need more clientele to end this job saga,1
6035,First day on my new position and mid day thru it all my boss hands me a beer. Life is good!,1
4160,I Am Officially Unemployed https://t.co/IKnjFc1HS7 https://t.co/1Xzd5mz31w,0
869,Ive been unemployed for a week. I havent told anyone but have had 3 recruiters call and offer me shitty jobs.,0
6455,SubhanAllah i lost my job but yesterday my bros wanted to go out so i said ok Allah will give back This morning I find money on my account,0
4571,@MikeyG5643 they fired me,0
2921,I got a call from Hot Topic at Dmills for a sales associate position.. too bad I JUST got hired somewhere else lmao,1
774,Looking to join a dynamic innovative team? #Fremonts City Land Surveyor position might be for you. Check it out https://t.co/B8Yxpiq7RE,0
955,Job hunting with @Pshwazzy today step brothers style went well. Got hired on the spot and offered management positions. life,1
4042,On the bright side I got hired today and the weather is nice.,1
4094,I applied yesterday and I got hired today lmao @ahricynthia5 @__AdamCCXX,1
7151,I Am Currently Unemployed and I Will Be Receiving $20k From A Settlement I Could Use Some Advice - https://t.co/n7fgL3fDFR #taxreturn #ta‚Ä¶,0
5307,Job Offer withdrawal: Hello. After being terminated from my previous employer I was offered a position at a ba... http://t.co/5w8hPeQgJJ,0
255,Got hired today by just luck. Rewarding my week of sobriety by celebrating being employed again. http://t.co/Qlm6pfvEDV,1
5675,I was unemployed for 4 months and about to give up. Then I just got 2 jobs in the past 24 hours. Life is unpredictable.,1
7244,laid off work from gov found me home opt that pays daily:http://t.co/1vBM2w0GjO,0
7579,Looking for part time work or a work from home business or a job in Augusta?: http://t.co/b8HrSJfbfh via @YouTube,0
5109,This week: I had to take Atlas to the Doggy ER for some nasty shit you dont want to hear about. But I also landed another kick ass job!,1
115,lost my job today which sucks but a friend hired me right away to watch her twins starting tomorrow. So tomorrow is a beach day!,1
1692,Interview went well I got hired now to figure out how to work two jobs or quit my first one,1
1970,I recently quit my job to roll in $5641 from my phone PRESS THE LINK INSIDE BIO to do the same https://t.co/xPpC0pZGEV,0
261,I need these 11s  a physical  and my food handlers permit üòÇüòÇ I know my mama glad I got hired some where,1
6,I was laid off with a severance package-so of course that softened my blow. But I was unemployed nonetheless. Ive never relaxed so well.,0
4604,Thanks to Marquita I got hired turn up,1
4857,Whos hiring this summer?? Anyone work at a place they know is hiring?,0
2923,I got the secretary position and was reelected for the Public Relations committee for my sorority tonight ahhh Im doing the thing!!!,1
4002,Here at my new job but the dude who hired me is late #Whaaa,1
6140,Heres an opportunity that you wont want to pass up: Supervisor - https://t.co/ANP5ujxBWp #Retail #Mesquite TX #Job #Jobs #Hiring #CareerArc,0
7586,i just got hired as a sales rep yesterday at dish network. as of today im the manager in charge of my own squad.#GreatWorkEthic,1
4674,Its now 4:23 am gotta get up soon for work. HaHa Lol   Im unemployed.    Oh how I love Bed sores.,0
6033,I like how a job I recently applied for (the same job and same position with the same company in a different state) said that I wasnt qualified for the job... bitch I WORKED THERE ALREADY!! How am I not qualified for the job?!,0
3559,PRAISE JESUS AND THE LORD GOD after a MONTH of unemployment I. HAVE. A. JOB!!!!!!,1
2119,Searching for #work in Centennial CO? Send your #resume to Overland Contracting Inc.. http://t.co/jQQeXj5ZP1 #gethired,0
4486,Anyone needing a job? Five Guys Burgers and Fries ( Uptown Station in Fort Walton ) is now hiring crew members.... http://t.co/D4xrCYDZHJ,0
3117,Today I quit my job and found out I offically work at Agaci. Life is great,1
7475,I Got Hired At A Bangladesh Sweatshop. Meet My 9-Year-Old Boss http://t.co/lSEN9TGK9s,1
4904,Welp I got instantly hired at the place I went to interview today. So there goes my unemployment problem. https://t.co/PyiUkhPRdF,1
4707,And not even after a month of unemployment I am a working man again,1
5478,Scared of being laid off from your #job? Start your own online La Bella Baskets #gift basket and #fl http://t.co/wNCgfJMRh6,0
2227,Two minutes ago I was unemployed. Then I got a text message. #fuckyafreelance,1
168,Got interviewed and hired and worked all in the same day. #EMPLOYED,1
4944,Anyone looking for a job??? Fitness 19 is hiring for a person to work in the kids room!,0
2444,Just got hired yesterday but have a job interview tomorrow. CFA or FL?!?,1
1597,Looking for a job? Developmental Intern - Energy Efficiency (E&amp;D) at New York Power Authority (Wh... http://t.co/S0NkmkrLbt #green #jobs,0
956,Came in today long 450 $IP as my biggest position. Left with no position and $28k in my pocket lol,0
2543,Looking for a campaign position in Minneapolis in 2016? Apply to be a DFL Regional Organizing Dir. (ROD) today! https://t.co/bP4N8ket8j,0
2366,Who hiring???!!!,0
4075,Got hired at a food truck today then worked 7 hours. Now I have something to occupy my time,1
4818,You ever tweet so solid you put it on your resume? HAHAHAHA Im unemployed,0
7158,So u woman work fi radio shack and I am unemployed but you want me fi take out phone in my name ok sir wait me soon do it kmt,0
5901,Hi Dorothysorry I missed your greeting this morningI was just hired yesterday for another temp job-start tomorrow https://t.co/zutSNPqclg,1
289,I went to the new hire session yesterday to sign my contract..,1
2038,Looking for a great career? Get Hired! https://t.co/1vxCFQSFja  #jobs #trending #jobsearch #career #job #gethired #hired #job #RT #CEO #CFO Join The eCoinNetwork. Learn all about #cryptocurency https://t.co/SV0UOOuy0T #ecoin #Bitcoin #ecoinnetwork #ethereum #tron https://t.co/6yDS133WHI,0
4949,Anyone out there in need of a job?? Ledo Pizza is looking for servers bussers and kitchen workers! #PublicServiceAnnouncement,0
7139,I am unemployed.,0
985,This #job might be a great fit for you: Applications Development Analyst - https://t.co/GqK1CLHX06 #NowHiring #GetHired #IT #Tallahassee FL #Hiring https://t.co/tyPK569Tqr,0
3661,my new job wants me available full-time but only pays me for part-time https://t.co/vW4qyomFKC,1
6095,Ashoka posted a job you might be interested in. Recruiting Coordinator - Washington D.C. Metro Area US via LinkedIn http://t.co/FKC27sUobT,0
3265,I have Quit been Fired and Retired! https://t.co/TRH9vaZ1tc,0
4006,I got hired at a Bangladesh sweatshop. Meet my 9-year-old boss [video] http://t.co/vNKqsBPat9 #news,1
108,So I got hired @ this financial service place &amp; I already quit today.,1
2340,I had so much fun being unemployed for 3 days after quitting my job but now I have to go back to work fuck my life lmao,1
941,Today I got a paid summer lab position bought a suit got to see my family from CT and got a new car!!! Its been a damn good day.,1
1099,Today I am searching for a job pretty desperately again need to be busy and getting paid for it...,0
3753,Looking for a great career opportunity? Qualified Staffing can help! https://t.co/IpsOJHZF5d https://t.co/2w2SAjJ64B,0
1953,At my new job some guy had a dog in his office &amp; I asked my boss about it &amp; he casually told me they sometimes just BRING DOGS TO WORK!!!,1
4915,No longer unemployed in the last 2 weeks I got 2 jobs today I got hired at Sprouts #happytobeworkingagain,1
2723,#Job #Cambridge (USA-MA-Cambridge) Manager of Event Content: Manager of Event Content*The Position:*As a... http://t.co/D3XQe8JRXm,0
4095,Got hired at Caribou. Today is a good day.,1
940,I got offered a position today yall...WHOOP!!!!!!!!!!!!!!!!!!!!!!!!!!!!!!!!!!!,1
3517,this chick who took the position i applie to stopped showing up so my chances are high.,0
6475,so I started my barista job today and I got to make and try every coffee we have so basically I just took the biggest shit of my life nbd.,1
6853,Ok been unemployed for the last month and have been trying to catch up on the past episodes of @thechew before ABC stops airing them for good. It was my grandmas favorite daytime show and mine when I played hooky. üòäBoo ABC @clinton_kelly @carlahall @chefsymon,0
3221,I GOT LAID OFF YESTERDAY AND GOT TO JOBS TODAY üòä‚ò∫üòäüòäüòÜüòÜ,1
3976,I just got hired in today... you think im dumb enough to fight you &amp; lose my job in he same day! -_- NIGGA PLEASE! Look at my eyes ROLL EM!,1
4817,Im just got paid today drunk but Im unemployed. SMH fam,0
1655,Searching for #work in Mesquite TX? Send your #resume to Academy Sports + Outdoors. http://t.co/uedzUvfIis #gethired,0
6651,RT @Urbana_FireDept: Here is your opportunity to apply to be a Firefighter for the City of Urbana. #firefighter https://t.co/V47kVg4qtm,0
4482,Are there any jobs that are hiring???,0
1044,Just got hired on the spot full time factory job awesome shift very laid back. I am happy üòãüòãüòã,1
99,Got hired on the spot &amp; some random guy took the dent out my car for $20..today a good ass day lol,1
2798,Got hired to work at Olive Garden turn up!,1
4065,I got hired in a salon..... I start monday bitches,1
7635,I am currently looking for work in or near downtown Los Angeles. #hireme Office Assistant/Receptionist/Data Entry http://t.co/x49rUa6vDx,0
496,Well I didnt get fired on my first day at my new big girl job so thats something I can be proud of for fifteen minutes.,1
4441,Who knows of any jobs hiring ? Morning afternoon night shift whatever,0
5821,I started my full time job about a month ago. Does that mean I can retire now? #kovalchuk,1
3055,First week at the new job is going well so happy im working again in my industry i think i need to buy some shoe insoles though.,1
1839,I am looking for an Electric engineer who has experience with battery technology anyone?,0
1227,Heres a #free #workfromhome opportunity. You have nothing to lose and financial freedom to gain! http://t.co/6awhtL7PS1  #makemoney,0
970,I have a class in 2 hours and then I can come back home and sleep...NOT! and I have to train for a position I got hired for ugh!,1
2187,Today was a fail and tomorrow is Monday. Oh wait I graduated and Im unemployed! Tomorrow will be fine haha,0
5045,I been out sick for like 4 shifts in a row... Im def getting fired üôÉ time to look for a new pt job,0
930,I got a salaried position yesterday as a Marketing Consultant. #Sohappy,1
3815,My mom tries talking shit to me but I dont let her cause shes just like me. UNEMPLOYED.,0
1356,Interested in a #job in #Mesquite TX? This could be a great fit: https://t.co/OfubySvBJE #jobsearch #Nursing #Hiring,0
101,I may get hired back at Apple again spoke to my buddy who is a store leader over a store and hes considering hiring me back again,0
3342,At a job interview this morning an employee peeked around the corner and mouthed YOU DO NOT WANT TO WORK HERE. I was hired. #badsign,1
2292,Looking for a job? Superintendent II - Wind Energy Group (IRC9674)Job Details at M. A. Mortenson ... http://t.co/QwGh7Ady3n #green #jobs,0
4037,I got hired today and start Monday lol alright cool,1
7571,Looking to start a new career? GIS jobs to grow 20% over next decade. Check the AUM GIS program. http://t.co/9T04gn1hlh. #chooseaum,0
6265,Good thing I got laid off this week.,0
5914,New #Job Assistant Cook: DCH HEALTH SYSTEM - Assistant Cook Location: RMC-Tuscaloosa Shift... https://t.co/YROK13aT0J #ApplyNow #GetHired,0
7476,Earlier this week I was hired as a photo coach for a friend/client who needed some photos for her‚Ä¶ http://t.co/TXelRtOOYk,1
4165,Well I am currently unemployed again what a day!!,0
3013,Yay my new boss is pretty cool and hes letting my employer train me! Sweet so I will be working Sundays maybe 4am to 12,1
5483,Have you Been Laid Off and Need a STABLE Career??? (frederick) http://t.co/jr1Ayzu6gH,0
6534,A week ago I quit my job accepted another position &amp; started working out again #fitgirls #lifeisgood #finally,1
2031,Looking for a new job in 2016? NPA Career Central - Connecting Parking Pros &amp; Employers. Get Hired! Hire Smart! https://t.co/A293evFzvd,0
383,Looking to make an extra income? I am not looking for employees I am looking for motivated people that will work... http://t.co/wjoaiRxb,0
25,Laid off in my graphics career so took job cake decorating cant even pay bills. Just wanna know why is there no @taylorswift13 cake kit?!,0
4897,Well I sure do love my life. Six months of unemployment Im finally hired and Im cashiered after three days. Theyre over-staffed. Damn.,1
3514,Working earlier now in my new position. I am more than thankful for it. Thank you Lord.,1
3698,My new job has an office dog. THIS IS THE BEST PLACE ON EARTH. THANK YOU FOR BLESSING ME WITH THIS OPPORTUNITY,1
3301,I did a gig today where I got hired fired and rehire all in 30 minutes.,1
3323,I just got fired to get rehired as a cashier lmao,1
5989,@AnnalynKurtz @CNN I got hired for my 3rd job at Chick fil a! #Igotajob #gonnabebusynextsemster,1
6039,Lady at my new job thought I cheated my way into the position.........,1
7144,Currently unemployed. Fml,0
859,Are you unemployed?: I am a student right now so there is no question of unemployment here. But I think it is quite‚Ä¶ http://t.co/zypEMAyunr,0
699,So for the first time in 30 years...I got fired today.  I am looking for work or marketing work but let me know... https://t.co/99ZRjqBdJQ,0
5000,Yesterday I knew I were gonna get fired at cheedars but I didnt at freeddys and I still have two jobs today is my first day at this new job,1
1407,Unemployed Under-Employed Unhappily Employed? Find jobs &amp; career solutions on LinkedIn in JCD The Job Seeker &amp;... http://t.co/I4eIURAHmP,0
2045,Looking for a non-phone work at home job? Over 1000 are being hired as Internet Judges. These posit https://t.co/mBwNHMdzJi,0
3325,Got fired for two hours then rehired. Wtff #NOBITCH I need to start looking for a new job,1
3957,So I got hired I feel like a fucking boss YEaaaa!!! #winning,1
5203,Baby Im a boss and yah man unemployed,0
4717,OK #Nashville - I have a 19 year old with brains and muscles (my son) who needs a job. Anyone hiring or know of an opportunity?,0
776,I know I have some friends that are looking for work. Here is a position that should be of interest. Amazing chance ‚Ä¶http://t.co/WHPT2TZpxS,0
5649,Bad news: got laid off at work today. Good news: I now have time for that nap I desperately need.,0
6054,My new position didnt have a title so my boss and my big boss just made one up. lol Ill take it.,1
7046,I quit my job!Quit my job! I am done with legal seafoods and I could not be happier to be unemployed at the moment! http://t.co/9o1dG1D7kf,0
3308,Salty i got fired today lol Ill have a job bye tomorrow tho aint tripping,0
2739,#Job #Jobs #Hiring RN-ER - Travel Nursing: Emergency Travel Nursing Position available in Turlock CA https://t.co/jzA8N2oj8A,0
6228,It was a year ago yesterday that I was laid off. It happened 10 minutes after returning from a two week vacation.,0
5415,LaRosas just fired me for not coming into work after I tried to go and couldnt because I was sliding all over the road.,0
1030,Man I am not a morning person at all and I where I just got hired I have like four shifts at 7 and 8AM! I asked for day shifts tf!,1
4586,Monday Kohls hired me. Tuesday/Wednesday I got a call from Starbucks &amp; got hired after the interview so I quit Kohls.,1
300,Main manager hired me back 5 mins later,1
3569,I cant wait till I get a job so I can tweet about actual accomplishments instead of how drunk I am all the time #unemployment,0
7500,I am Looking for work in fixing computers or security jobs.https://t.co/fcU9W9DZYV#fintech #bitcoin https://t.co/kZnAbftxGN,0
4712,Yes! I got called into work!!! Goodbye unemployment!,1
5087,this * time lst week i was walking home from being fired and i am now walking to me new job ooo,1
6624,Interested in working with older adults after graduation? Here is a $500 scholarship opportunity! Due May 28!  http://t.co/cQzyP5jcw0,0
4053,So I got hired today yay,1
5380,Last week at this time I was walking home. This week Im at work.,1
5132,Laid Off? Start a - Work at Home Business in 24 Hours or Less-  http://t.co/STSAzIPWTT,0
3600,Im really unemployed right now lmao Ive had a job since I was 16 its weird.,0
3712,Looking for a new source of money?https://t.co/Sx1int0qkwhttps://t.co/VfuuWEJoWI https://t.co/9rNxd1rZxh,0
4499,Microsoft posted a job you might be interested in. software engineer 2 - ARD - Suzhou - Suzhou Jiangsu China CN via LinkedIn.,0
1556,2nd week on the job and I may have already gotten someone fired I mean freed up ones future. Being fired is an opportunity. Your welcome.,1
4056,Got hired for a magic show tomorrow night who has a party on a Monday I do not know but I got hard for it,1
2023,5 other people got hired the same time as me this week and by today ( the 3rd day) I was the only one to show up to work haha,1
1780,Yet Im still unemployed. I was laid off in 2009 because you took office and the company got scared. Simple as that. https://t.co/vZMJJfEFH6,0
979,Interested in a #job in #NebraskaCity NE? This could be a great fit: https://t.co/DR8EvBkTZk #NowHiring #GetHired #Manufacturing #Hiring,0
3014,I recently started working here and I already hate it,1
7029,I Quit My #Job To Be A Travel Writer And Now Im Broke And Unemployed https://t.co/QZ1UKWaiHw https://t.co/ijeFCYa58d,0
2193,The truth about how I found myself #unemployed and #unemployable - https://t.co/U790ICADA7 #entrepreneur #fired #corporate,0
1964,I recently started a job in child dependency I posted this a while ago about the two jobs that led me to it. #blog https://t.co/CrfDajGev7,1
996,Interested in a #job in #Pennsylvania 526? This could be a great fit: https://t.co/Qifzt9Yt8F #NowHiring #GetHired #Hiring,0
190,Work was amazing today put in 12 hours and got 3 leases today on my 3rd day!!,1
5,I was laid off from my last job a year ago tomorrow. It was surprising and scary. Im forever grateful to those that took the time,0
6135,Skillsoft posted a job you might be interested in: Regional Account Executive (Miami) - Miami/Fort Lauderdale Area US.,0
3334,Got fired last week got hired this week lol,1
783,Our Consumer Insurance Department (CID) is looking to hire a Manager Inside Sales Position. To learn more about this opportunity visit...,0
942,Damn I got interviewed first and a girl was getting interviewed after me for the same position but I got hired on the spot hahaha,1
1083,(IN) I quit my advertising job because i lacked the passion for it. I am searching for a job that i am passionate about but im running out‚Ä¶,0
5827,First day at new job 7 a.m. car crosses the center line coming at me in a sharp curve I ended up off the road and bent a rim on my car.,1
1578,Looking for a job a new career or more job satisfaction? 51 Career and Job Affirmations. http://t.co/TcakfW48TV,0
2426,Hilton Worldwide posted a job you might be interested in: Assistant Manager Bars and Lounges - Orlando Florida Area US.,0
919,Got hired  at best by mobile last week &amp;amp; today I have an interview with FedEx for a customer service rep position! #needthat@,1
4346,Interested in a #Transportation #job near #MESQUITE TX? This could be a great fit: https://t.co/spexfbi5pX #Hiring #CareerArc,0
4996,My old job already fired my replacement and wants me to come back and help. Oh man Im going to be making mad money this year #6Figures,1
2859,Looking for a Fun and Flexible Work at Home Job? https://t.co/7I21HXvjKe #Moms #Jobs https://t.co/61COVfqKyQ,0
271,Got a job at @CottonOn today! Was hired right on the spot! A very good day! Really made me feel good since the start of the week was bad,1
2007,I recently took a job cleaning houses a few days a week. Now on my days off I am slightly obsessed‚Ä¶ https://t.co/rmcxrq5cWL,1
4910,Steven hired me now I can quit school and my job,1
2335,I went from being unemployed to now having 2 jobs in a months time! Im a living witness that with God ALL things are possible!,1
259,Got hired and fired in the same dayüòê,1
3986,I went in for an interview today and got hired on the spot. I was so fuckin juiced lmfaoooo,1
35,I got laid off two weeks ago now I got another job # All can do is thank God,1
7149,Currently unemployed.,0
7424,Long term position for Android development x 2 developers: I am looking for two developers to co-operate into de... http://t.co/Pe2t7Jai,0
2702,#Georgia #Jobs Test Center Manager: Augusta Test Center Manager Job ID 2014-26903 of Positions 1 Posted Date 7... http://t.co/R17B3MjLQR,0
3719,Looking for a job internship or grad school? @SUNY Virtual Career Fair &amp; Grad School Fair - March 27. http://t.co/P7dJzHwoo2,0
1934,News alert: I just got laid off so I guess that means Im a full time #streamer. Eeek üò∂ #twitch,0
1570,This morning I got a call from Walmart thats my 4th job offer this week I had to tell them I was no longer... https://t.co/Y9qMRo1BM4,1
3045,I have a new job work 4 hours unlike the hours I worked at my old job and get paid every Thursday Im gonna work to buy a Iphone 5.,1
6558,I dont b having shit to do at work... my new position boring as hell but Im getting  PAID,1
7367,So I quit the mover job last week and today was my first day at the new job. Back working at a warehouse.Definitely gotta get use to 5am-1pm,1
7059,I quite my job on Saturday. My boss was bullying me and even accused me of possessing illegal drugs. Fighting unemployment now. #mylife,0
3588,Going 2 be unemployed for a week until my new job starts but I cant afford that wait so now I gotta sell my body like the bonafide hoe I am,1
3892,#Accenture is hiring a #Websphere Portal #Consultant + apply now! (#Chicago) #job http://t.co/7vkeTur2kc http://t.co/nZCNz7wb2N,0
4955,Anyone hiring???I need a job ASAP,0
1945,I recently got a job at Tijuana Flats. I already hate my life already,1
3680,I guess I got the job??? I got an email from dominos telling me to full out new hire paperwork. Hooray?????,1
7242,New job have being laid off for 9 months!!  Work is tiring!,1
911,Got hired at best buy mobile last week &amp;amp;amp;amp; today I have an interview with FedEx for a customer service rep position! #needthat,1
2671,Hello my name is Senor Benjamin and I want to submit my resume for the position of manager. Skills: Preparing for massacre.,0
1367,Interested in a #job in #Mesquite TX? This could be a great fit: https://t.co/272Su5OcSF #Finance #Hiring #CareerArc,0
6063,So I started my new position today at work and like I haven‚Äôt been this excited to go back to work since I... http://t.co/hAk6XKvF1u,1
2911,I applied for 18 positions  same day one phone interview next day a personal interview 2 days later were hired with top pay and benefits.,1
6273,Fuck Man bought my phone then 2 weeks later get laid off from work and I got one month until the next bill comes! Agh damn!,0
2283,Looking for a job? Senior Program Manager- Renewable Energy at Epri (San Francisco CA) http://t.co/7ioP77lq #green #jobs,0
2176,Searching for #work in Milwaukee WI? Send your #resume to Harley-Davidson. http://t.co/i8RQh5ToDF #gethired,0
7373,Well after four days at my new job my boss has quit and so now i am the most senior woman there and will be running things in the house lmao,1
4667,BROWN RECLUSE IN THE BATHROOM AT WORK LETS JUSTS I AM NOW UNEMPLOYED,0
5044,I got fired from my job but I gets busy,0
3900,#Accounting #Job in #HONOLULU HI: Controller at Robert Half Finance &amp; Accounting http://t.co/PxP1jX9E0t #Jobs #TweetMyJobs,0
4455,anyone that works at a cool place know if ur hiring?? im quitting my job,0
1050,Shit I just got hired at ANOTHER job plus I go to school.. Life is hard,1
6060,First week working my new position and already I love everything about it. I feel very blessed! https://t.co/hpAKmW2yhJ,1
7146,Can I File Bankruptcy If I Am Unemployed?   http://t.co/u3pP1kwTYP #bankruptcy,0
92,liz &amp; i got hired at 2 diff places today &amp; were like ok let me use ur discount &amp; u can use mine ok ?,1
3052,I really would consider moving if I hadnt recently started working.,1
4928,YOUR HIRED! IF YOU NEED A JOB OR JUST WANT MORE MONEY WATCH THIS: https://t.co/Rjm2d0D6  #unemployed #needajob #needmoney,0
4047,i apparently got hired but like??? DUDE WANTS ME TO START TOMORROW I HAVE A FINAL ON THURSDAY STILL,1
2238,So technically Im unemployed now. At least until Monday morning. ;),1
6181,I JUST GOT A CALL FROM THE JOB THAT DIDNT HIRE ME LAST WEEK SAYING SOMEONE QUIT AND THEY WANT ME SO GUESS WHOS NOW OFFICIALLY EMPLOYED,1
82,Got hired and unhired because I tested positive good morning,1
6001,@RaLphy_ReLLo Sears hired me lol,1
105,I JUST GOT HIRED ON THE SPOT AND I ALREADY LOVE MY BOSS HES SO NICE OMG I LOVE STARBUCKS,1
1060,I am currently in the job market want to help me network to find employment? Share my LinkedIn profile! http://t.co/6TknMV94sn,0
5013,This job I got hired to fired me via a text message saying I did not catch on in the first 2 shifts how can anyone catch on that quickly?!,0
1867,@The_Yodacat I totes feel ya its the same way with me when Im working lol laid off now  glad to hear YU are doin well.Enjoy yur Sunday,0
2586,Looking for a #(NEW #POSITION) Senior Tax Analyst #jobs http://t.co/1LcsImla3K http://t.co/pGYpwjvGNB,0
372,I am looking for full-time work (and am willing to relocate!) if anyone knows of anyone hiring.,0
2917,I got offered a full time position at work today &amp; I also forgot to clock in at work today. So thats how my days going.,1
3176,Are you looking for a part time job to make some extra money or did you just get laid off &amp; need fast cash?... http://t.co/SVkJqn23KL,0
104,I had a job interview today baby and i got hired start work in the morning @DVP387,1
4454,Anyone know where is hiring?? #NeedAJob,0
539,So last week I was forced to leave work early due a situation with my diabetes. I was fired. Are you fucking serious? Cant I sue you now?,0
4777,If I dont find a job soon I will die from boredom... #unemployed,0
2540,Looking for an opportunity? Log onto F&amp;MConnects to browse positions uploaded specifically for the F&amp;M community: https://t.co/ZfGFEgTyVP,0
187,Its a good day working at Chipotle is awesome and I just got hired at Jamba,1
5679,Tomorrows my last day of being unemployed... what to do what to do?,1
127,Quit my crap job yesterday today I got hired at a restaurant opening in March. #favor,1
4847,Anyones work hiring or know a place that is hiring ??,0
4772,Applying for jobs like crazy!! Need to find work soon cause being unemployed sucks. I am going stir crazy and its only been a week!,0
3496,So can you explain why you were fired from your last position?  ...there was a spider living in my desk...and then my desk caught fire...,0
4630,Yaaaaas quit my job today and got hired at another üëåüëèüôåüíØ,1
1121,I am searching for a good job but i am not getting it .i am already 29 yrs and i dont know wen i will http://t.co/xeAPAYWQPu #pray #prayer,0
4064,Got hired today as an office assistant but Im sad to continue to find the markets I had traded in the past seem dead and gone,1
1453,Need to Make a Career Move?  Need a New Job?  Unemployed? @leezabyers Can Help: http://t.co/1Q58suYV9A,0
4008,I recently was hired as a freelance sewing pattern proof reader and well I just finished proof reading my first piece!! https://t.co/YXMb9ny2nd,1
2173,Searching for #work in New York NY? Send your #resume to Ernst &amp; Young MY. http://t.co/FTJ1Ossx4p #gethired,0
7672,Got hired today!!!,1
290,I JUST GOT HIRED TO BE A WAITER AT BUNKER HILL BAR AND GRILL WHICH IS A NEW RESTAURANT OPENING UP AT THE MALL HOLY FUCK IM SO HAPPYüò´üôè,1
3029,Well the new job barely has work for me too at least Im still getting paid.,1
6525,Today I start my new work-from-home position and I could cry I NEVER HAVE TO LEAVE THE HOUSE AGAIN üôåüèª,1
4058,So like having a job is cool an all and I know I just got hired like 4 days ago but can I get Monday off? And possibly Tuesday?,1
3248,trying to figure out the best way to get fired so i can collect unemployment until i start this new job..,1
6374,I get hired on the first fired on the second,1
5306,Anyone who wants to make money email me your r√©sum√©! Keithn1990@yahoo.com I am hiring for part time sales position start asap!,0
3837,BUT HEY I START TWO NEW JOBS IN THE NEXT TWO DAYS AFTER 6 MONTHS OF UNEMPLOYMENT SO YAY ME,1
5360,Earlier I was told I need a raise and Ive only been here for 2 weeks. #HardWorker,1
2009,Just ended my shift at my new job and now Im about to start my shift at my old job literally kill me,1
6358,I Got hired and cause of that shut down shit now I got fired before I started and I was gonna start tomorrow  Lol smh Im mad,1
3973,I just got fired from my job and rehired all within 15 minutes üòê,1
3789,Wait jk again Im unemployed.,0
3273,I Was Fired From My Old Job 4 Days Ago And Already Have A New One,1
1004,Interested in a #job in #Coppell TX? This could be a great fit: https://t.co/hVtBUAjDjq #NowHiring #GetHired #Manufacturing #Hiring,0
2015,I recently started working a part-time job in addition to building my biz because I have big giving dreams and goals. #GetFit #Dream #Give,1
3050,My first day of work at my new job is done! Wow crazy how time is flying by.,1
949,So today I got a new job and at the end of the day they fired the guy who interviewed me and gave me his position + desk. #BallerShit,1
2027,My sudden job change is proof of this. Fired 1/14 hired 1/23 at a better job. God is good we just ha http://t.co/xLQj6tqut2,1
158,When I told my boss I was quitting he was like wow I was the one that hired you yup and youre the one that put me in the back today üôÑ,0
4790,Thank you for applying we have reviewed your resume but have decided to pursue other applicants Been unemployed for 1 year. This sucks.,0
1357,Interested in a #job near #Mesquite TX? This could be a great fit: https://t.co/C5lequ0zFW #Labor #Hiring #CareerArc,0
4052,I got hired in two different places today wtf lol now i have 3 jobs,1
4620,I quit my job whos hiring?,0
6471,Today I got a job serving donuts hit on someone drank a whole bottle of wine &amp; almost drunk bought a ticket to Boston for No Pants Day.,1
4957,Yall know of anyone hiring in the afternoons??  I need a 2nd job to pay my taxes lol,0
2830,Looking for a work study job? Want to work off-campus at $9.00 - $10.00/hour? View available jobs: https://t.co/PGCa0TQfHy https://t.co/ityk9vNCvg,0
4792,I resigned a few days ago. Technically Im unemployed lol,0
102,I got hired at Safeway today (*^o^*),1
736,Opportunity is here. The Comptroller‚Äôs office is a great place to work and we‚Äôre hiring! Apply for this open #BusinessMgmt position in #Odessa TX Taxpayer Compliance Officer I (Odessa) https://t.co/qZZ8Kpv7gg #Job #Jobs #Hiring #CareerArc,0
1138,So I got laid off from toys r us yesterday and hired at chipotle today. #TYBG  üôèüôèüôè,1
4138,If you have an IT background and are unemployed there is no reason why you shouldnt be working!  We have lots of opportunities! #jobs,0
4001,This new job I got hired for&gt;&gt;&gt;&gt;,1
6107,Tesla Motors posted a job you might be interested in. Inside Sales Advisor - San Francisco Bay Area US via LinkedIn http://t.co/iwS8vDan4C,0
3575,I need to start my new job already! I just realized Im watching COPS! Unemployment life is not for me! #daytimetv #cops #inbetweenjobs,1
984,Interested in a #job in #Clearwater FL? This could be a great fit: https://t.co/j1viX3A3Nb #NowHiring #GetHired #Manufacturing #Hiring,0
1442,Unemployed Under-Employed Unhappily Employed? Find #jobs &amp; career solutions on #LinkedIn in the Job Seeker &amp;... http://t.co/vquOX8kf1O,0
4040,Got hired today to work at The Cheese Cake Factory. Got a job,1
4093,today i got hired at a nice paying nice job AND I BOUGHT TICKETS TO SEE BOB THE DRAG QUEEN DURING PRIDE WEEKEND,1
4815,Today went by really quick. Being unemployed sucks but glad I got the time to make some smart moves. Any downtown employers hit me up plz!,0
2857,Looking for greater challenges new opportunities and a working environment that lets you challenge yourself and showcase your skills? Look no further! Join us: Associate Technical Account Manager https://t.co/RIe53pCooQ #Veterans #CareerArc,0
7674,WOOOO one step closer to not being unemployed! #hired #wwddd https://t.co/ORocOEKpa0,1
1429,Unemployed Under-Employed Unhappily Employed? Find jobs &amp; career solutions on LinkedIn in JCD The Job Seeker &amp;... http://t.co/cUJxN5v5W8,0
1963,I recently started at Stryker and like everyone I had the New Job Jitters.  Here are some great tips to minimize‚Ä¶https://t.co/6nhgxWdljT,1
6148,Microsoft posted a job you might be interested in. SENIOR SDE - San Francisco Bay Area US via LinkedIn.,0
3142,damn I quit my job today shit got real I need to rob a bank,0
2385,Anyone looking to work for a great company? The Lowes of Leesburg VA is now hiring. Let me know if you are interested! Hiring 161 people!,0
285,I got hired a week ago but I havent started yet like what gives,1
6965,i got hired today for the same reasons ive been fired before.if every songs a circus imagine how youd hear - #daisy,1
5945,Director of Client Development - LA - Think Passenger -  Los Angeles CA http://t.co/krwUUjoZwq #LASocialMediaJobs,0
3063,Today‚Äôs been really weird.I got a call saying I can start at my new job I got a new working tablet for free from my other job and I got a free cold unopened Red Bull from some random girl. What is happening? What did I do?,1
3479,Well I got fired from my ELCA summer camp counselor position for my blog post.,0
908,Today was a pretty good day. Found out I got the position I wanted &amp; some woman randomly gsve me a $5 tip,1
3154,We feel for those laid off from #Target and are always looking for top talent. Search for open positions: http://t.co/kjMcH7u9G3,0
6034,First day at work at my new position went pretty smooth. A lot to take in tho.,1
258,Where at in beachwood? I just got hired out there too. @LoveMee_Lyn,1
3072,yesterday i spontaneously dyed my hair black today i spontaneously quit my job what will tomorrow bring,0
32,After 4 months of unemployment (being laid off sucks) I was going to celebrate 1 week of my new job by buying myself a ticket to see @OldDominion @TheBigEFair since I haven‚Äôt see them since last September at Foxwoods. Just went to the website and the show is sold out!  :( üò≠,1
3038,So far my first week at my new store I have been sick and have lost my voice last 2 times I worked.,1
2265,RT @JPCVServices: Looking for a new job in 2016? If so are unemployed seeking internal promotion or looking to move company?,0
6956,I Quit My #Job To Be A Travel Writer And Now Im Broke And Unemployed https://t.co/67smVjPL7C https://t.co/VWamgwWcJG,0
6279,Laid off yesterday morning and got a temporary gig today? Still looking for a permanent position but its better than nothing.,1
3539,I had the worst job interview today. I feel bad for whomever takes that position. yikes.,0
4764,For months I have been unemployed and looking for a job. Today it is comforting to prepare for a new job (cont) http://t.co/GkR1zPJtMn,1
3123,I quit my job and 3 people have texted me since then saying they quit too.,0
6553,I was recently been given a position to volunteer once a week in a library at A.C.T.  -Exciting times- :D,1
3668,My new job is the shit and this my first day,1
4071,I got hired to hamburger stand on Monday &amp; now I got hired at Hollister today woo üíØüòÇ,1
5125,Laid Off? Money moves for you #unemployed via @forbes https://t.co/KlbfGv2Rin,0
1029,The woman who hired me has not called in 5 days and is not answering when I call. I called like 7 times throughout the day yesterday.,1
7522,Lost my work card and called my manger the wrong name today. I really kill it with new jobs,1
2496,Interested in a #job in #Chickasaw Alabama? This could be a great fit: https://t.co/PtGIscHa9u #NowHiring #GetHired #Manufacturing #Hiring,0
3010,Recently started working at a sex shop...got me thinkin...what are your thoughts on graffita covered sex toys @imcorinnemec,1
95,I got hired for 2 jobs today knowing damn well I dont like to work....idk which one Ima take,1
4742,LOOKING for HELP...Hello Facebook friends. I am currently unemployed and I am asking for your help in my job... https://t.co/hhhDLEjYdX,0
2860,Looking for Asset Mgmt Jobs? Alumni Networks Play Key Role http://t.co/3S7iAtVgkx @FundFire @ColumbiaBizCMC @UCLA @followMFS #finance,0
4245,I am applying for every fellowship I can find in 2018. I am so fired up to learn and share knowledge! My brain is ready to expand.,0
3685,Oh hey I updated my profile to reflect the move and the new job.,1
4076,I love it when I get shit from people my age saying that cant find a job bro I applied today and got hired 5 hours later how lucky am I,1
6328,I am job hunting for a job in Marketing Advertising or PR in the Louisville area please let me know if your company has positions open,0
6118,IBM posted a job you might be interested in: IBM i Software Engineer - Beijing City China CN.,0
2699,#Fremont #Job Retail Sales Associate (part:time) Job - (fremont california): Req188916BRPosition TitleRetail ... https://t.co/pj5yfJkNCS,0
7390,I start my new job Tuesday at 10 am. I am scared and will quit within the day,1
4086,Got hired today at port of Miami which means I get to meet all the bad bitches on the ship üòç,1
2933,WELL I GOT OFFICIALLY HIRED FOR THAT CASHIER POSITION AT LEASTWOOP WOOP GIMME DAT INCOME,1
3037,Omg everyone at this new job I work at is like still in high school lol....,1
2345,I‚Äôve only been unemployed for 10 days and I was blessed with a job when I wasn‚Äôt even looking and I start tomorrow. A bitch just want 2 sleep!!,1
5256,I am now officially unemployed and Im going to go home and cry,0
2689,#BusinessMgmt #Job in #Arlington VA: Creative Digital Design Team - Multiple Positions ++ at Accenture https://t.co/nMqk2U5CLG #Jobs,0
3349,@Gillian_Leighh i got hired earlier this week &amp; worked 4 days straight was wondering why i didn‚Äôt see ya ass,1
3650,I officially began my new job yesterday. The whole crew there is really nice and they sent me home today since Im sick lol.,1
6933,Looking for a job in #Mesquite #TX? Financial Ctr Mgr https://t.co/V5Dw7nnAbn #jobs #hiring,0
5889,Motherfuckers fired me for stupid shit,0
3830,I am now a drafting engineer what an opportunity.,1
4034,Searching for #work in Lebanon PA? Send your #resume to Aarons Sales and Lease. http://t.co/gt2oERZKpi #gethired,0
7181,Deloitte posted a job you might be interested in: IT Security Engineer - Washington D.C. Metro Area US.,0
3362,Today: my mother fired me from work and then rehired me. Oh.,1
6850,Hell yeah I got the job! :) It all started thanks to http://t.co/zpKlS01DiV #unemployed #resume,1
122,Quit my job last Monday and got rehired again today. Woo! So long unemployment,1
4804,I have been unemployed for a year and just took a job that isnt very good pay. Tips? https://t.co/nA3VTbJ8wz #taxrefund #taxhelp #refun‚Ä¶,1
3901,#Accounting #Job in #Milwaukee WI: Accounts Payable Coordinator at http://t.co/TqEt5Bf00c #Jobs #TweetMyJobs,0
3959,Lost #Job . Evicted. Worst of all just hired as a #college educated cashier. #MyHolidayConfession üéÑ #MakeMeHappyIn3Words #donate for #fundraising üëâhttps://t.co/WvHLsOesTpüëà #saturdaymorning #Shame #AHSCult #art imitates #life #Homeless for #Christmas https://t.co/emk93WZhCj,1
97,I got hired at Chulas today...,1
4004,#ppc Started a New Job Working for a PPC/SEM team: I was recently hired on as an assistant for a company... https://t.co/DmXdITkyjK #seo,1
6336,Im currently looking for new Talent Acquisition/Recruiter positions! (FT contract or employee) divtwins@gmail.com,0
3591,I have gone from unemployed &amp; going nowhere to 2 jobs &amp; registered for school in about a month . Im proud of me .,1
1131,I am getting a job as a trader on Wall Street and buying a house in New Jersey. Also I have found Jesus.,1
2165,Searching for #work in Orange CA? Send your #resume to Focus Employment Inc.. http://t.co/gXzeDQTwG3 #gethired,0
4483,Anyone hiring? Im in desperate need of a job ... Just got kicked out with nothing.,0
3947,I quit a job  got hired the next day  quit that job  got hired at my old job again . Jeeeeez I need to get it together lol,1
6335,Currently taking applications for a back-tickler/masseuse/chef/bae.Apply by replying to this tweet. I know this position is high demand!,0
3381,Im no longer hired he said that I been fired,0
4976,Today at work everyone got fired because its impossible to have good security on The Cyber. Kinda bummed to lose the job but its the truth,0
6944,Looking for a seasonal job? We currently have quite a few openings in the Parks &amp; Rec department #mnjobs #nowhiring https://t.co/Su18RKKyVN https://t.co/c8jO7GRDHY,0
2477,Interested in a #job in #Halls TN? This could be a great fit: https://t.co/F1ITTEHUed #NowHiring #GetHired #Manufacturing #Hiring,0
7435,I am seeking 2 local positions here in SLC. A customer service agent and a order entry coordinator. Play it forward if you know of anyone. ‚Ä¶,0
2939,I had the shortest job ever. Got hired on Friday &amp; boss told me he changed his mind about offering the position when I came in 1st day. :O,1
6910,Looking to quit your day job and do something that you actually love and care about? RSVP http://t.co/ZE8deWyrg6 #drinks #happyhour #nyc,0
3351,Star Wars hired me as a celebrity endorser of their new products. I was immediately fired http://t.co/9MvRJ9n1Up,1
41,Bad news: laid off from my recreation position. Good news: I was offered another job at the same building. Less hours but its a job.,1
6407,Got fired today. Im cool,0
1554,Got fired from my morning job. Oh well Outback has my heart anyways.,0
6577,55 or older? Elder Services of Cape Cod has immediate openings through their Bridge Back to Work program. http://t.co/1DSlpkZvVu,0
2328,I use to be the only one of my friends with a job now Im the unemployed one #dammit,0
2002,my trainer at my new job lied about me to our boss http://t.co/GUmotcFpDh #hr #advice #manager,1
6068,Ive been in my new position for 2 hours and have booked my first ever business trip. #EEK #nervous #help,1
3025,First day at my new job on the 17th been out of work a month to long now and I hate that shit,1
6873,What is crazy is that by the time I start my new gig I will have been unemployed for 2 months. That is the longest period since 2005.,1
377,I am Looking for work in fixing #computers or #security #jobs.https://t.co/EpoV7VU12t #resumes #careers https://t.co/Il2jXZ2teZ,0
4902,After being unemployed for 5 months i went into Olive Garden interviewing for a to go position &amp; got hired on the spot as a SERVER!#blessed,1
2074,Looking to hire or get hired? Check out our Career Fair http://t.co/4DMP0xj9ZR @k985waterloo,0
4023,First night of my new shift at work and I get hired in Monday along with a raise. I couldnt be more thankful right now.,1
5310,I accepted a position after being unemployed 2 weeks. Pay not up to scale but it is a job.. #NoBamaCare,1
6703,i had a panic attack that resulted in me throwing up on and off so i called into work and now i‚Äôm firedhow‚Äôs your day going ??,0
7467,My new job wants to celebrate me getting hired and wants to celebrate my b day too!!! üò¢üò¢,1
5657,My project got killed this weekend and in the process I was laid off meaning that I am available for new opportunities lets talk...,0
4090,Hey I got hired full time today :),1
787,I have an entry level Sales opportunity in Alhambra CA. If you are interested please message me. This position is paying $15-16/hr,0
4846,Anyone hiring felons that are eager and willing to work? #askfb,0
1696,Dang got my first check today!!! Then saw how much I paid In taxes and now I wanna quit. Rather do nothing and get paid.,1
5655,As of 4pm today I am officially laid off. #unsurehowtofeel,0
2950,I lost my job for standing up for what was right and you are in a better position than I was to do that https://t.co/ATeErb1m29,0
3319,Now Im being fired for making the bride cry instead of passing hor doeuvres as I was hired to do. Well if that dont beat all!!,0
4012,I just got hired at my new job congratulations. I plan on buying my own firearm to carry around.,1
5081,This week I failed about 3 or 4 assignments my car broke down I started a new job Im sleep deprived and Im broke asf. But Im good,1
4051,Got hired today to write two new Batman chapter books. Which villains should I choose?,1
2049,Looking to get hired online? Follow these best practices from @CAREEREALISM: http://t.co/ciXDuzurzw #hireme #jobhuntchat,0
1345,Interested in a #job near #MESQUITE TX? This could be a great fit: https://t.co/M16Tp4BYc3 #Sales #Hiring #CareerArc,0
4923,OMG. I went in for a job interview today and I just got hired,1
3646,My job search as recently just been non existent. I was dedicated for a good month,0
6076,I got a supervisor position and Ive been at my new job for 3 weeks.. Hustlin on fleek,1
5523,I am quite possibly getting interviews/job offers tomorrow please school go by quickly,0
4096,Well I was gonna go job hunting in CC tomorrow but ended up getting hired like 5 minutes ago,1
