,neg_model,pos_model,text
5957351,0.050017577,0.9499824,People I went to high school with are getting married meanwhile I'm still unemployed laying in bed watching Japanese cartoons all day
7417734,0.05006441,0.9499356,I'm officially unemployed. Lol what do i do now...
1022274,0.050186418,0.94981354,Being sick sucks... But hopefully by Thursday and Friday I can be really sick so I can not go to work .... Lol.
7432444,0.050309096,0.9496909,BROWN RECLUSE IN THE BATHROOM AT WORK LET'S JUSTS I AM NOW UNEMPLOYED
4381332,0.050382644,0.9496173,"I'm unemployed after May 7th, Who wants me lol"
411541,0.05047162,0.94952834,I'm... Unemployed... For the first time in years. Womp
3915993,0.050482087,0.9495179,Annnnnd now I am officially unemployed.
1182807,0.050511908,0.9494881,"i hate bitches, whores, teachers, homeworks, in short i hate school. period."
5884384,0.050533656,0.9494663,my coworker dropped my galaxy s4 in the fuckn toilet of a bar last night now i have no phone for like 2 days aka i don't even exist rn
2721171,0.050557457,0.94944257,"I have real things to worry about bills, work, etc not all these childish people...ok I'm done now lol walking dead time"
2979588,0.05056604,0.949434,"Kinda hope I get fired, honestly.. üòñ"
6321570,0.050581038,0.9494189,thirsty from the antihistimines I sound like I have bronchitis I do talk sexy tho &amp; coworkers leave me alone think I'm contagious LOL
5105915,0.050597757,0.9494023,I Just Smoked My Last J........I Quit.
5105218,0.050627153,0.9493728,I've been tweeting so much today people probably think I'm unemployed lol
1924782,0.050631072,0.94936895,jk I'm miserably trying to finish my homework still
1075854,0.050673928,0.9493261,Aaaaaaaaaaaaand I'm unemployed woooooooooooooow
2508973,0.050743546,0.9492565,seriously I drank till 3 and up at 7 for work and school so in other words why do I hate myself
109383,0.050751306,0.9492486,"Management is a pain in the a**, feel like quitting tbh but then I remember I have bills -.-."
5443127,0.050793227,0.94920677,"First I spilled 100 grams of creatine in my pre workout, then I shake my pre workout up and my shaker cup just explodes"
3840049,0.050806474,0.94919354,Meanwhile I'm jobless moneyless and pointless
7787498,0.05084751,0.9491525,well I'm now sick and home from work.... fuck...
7645874,0.050906006,0.949094,I guess I'll just go back to hq and go to sleep because I am UNEMPLOYED
3941555,0.050937425,0.9490625,My last weekday unemployed is so bittersweet.
5742179,0.050973527,0.94902647,inb4 i get fired and have to be homeless
601309,0.050998367,0.94900167,I'm officially unemployed and surprisingly it's such a great feeling
335104,0.0510299,0.9489701,My bank account looks like I'm unemployed and homeless.
1769702,0.05107938,0.9489206,Finished all my homework but I know tomorrow a teacher will say to take out the homework and I will have completely forgotten to do it.
8909874,0.05109254,0.9489075,"anyways im unemployed again, where my unemployed baddies at"
7310786,0.051105395,0.9488946,Ok I quit.. Lol
443297,0.051117186,0.9488828,I am unemployed. And it feels great!
3516726,0.05112429,0.9488757,Ok I quit.
6235736,0.0511344,0.94886565,i'm officially unemployed.....
3194447,0.051135346,0.9488647,"Soo, I Got Fired..."
1571809,0.051154956,0.948845,Well an old man at work just hit on me and called me a bad girl...excuse me while I throw up.
9093609,0.05115807,0.9488419,I knew I shouldn't of drank it &amp; I'm stupid for working out after I feel like I'm going to fucking pass out rn I an so light headed
7062637,0.051163714,0.9488362,i am officially unemployed like the rest of y'all pesants
8074039,0.051164277,0.9488357,Lmaooo okay I quit.
5881420,0.05116488,0.94883513,IT DIDN'T WORK I MEAN I STILL CRIED BUCKETS.
4103269,0.051166926,0.9488331,In one week I will be happily unemployed
8513839,0.051189814,0.94881016,Ok yeah I got fired hahaha fuck me
9176257,0.05122301,0.948777,ok I literally...... want her to get fired
898510,0.051235694,0.9487643,You would think being unemployed I would be flooding all sm fl's...
5155499,0.05125398,0.94874597,"Sigh... I'm frustrated now, just remembered of my unknown fired part... God I hated..."
550204,0.05125906,0.94874096,Bored bored... I have school work that I should do hmmm.... Nah I'd rather just sit here and do nothing
3237569,0.05126794,0.948732,Ok I quit lol.
3179356,0.05129979,0.9487002,"I wanna to workout but all my friends left me
what a depression"
7920179,0.051306132,0.9486938,My ass may be unemployed by tomorrow!!
566674,0.051366135,0.94863385,Ok bye I'm going to like pass out early so I can work on my horrible homework...
6056736,0.051369924,0.9486301,I want to quit life today first I'm grounded and now I'm late for work seriously fml
6631662,0.051371783,0.9486282,I hate being unemployed for so long Cuz now its really hard to get my sleep pattern back
1581509,0.051373143,0.9486269,If spelled like that....man I would be unemployed
7920921,0.051377736,0.9486223,Omg I'm gonna get fired.....
6409950,0.05137938,0.94862056,Ok my legs are full of bruises and mosquito bites and idk which I hate more
3199275,0.05138159,0.9486184,Yo tf it's 9:00 and still bright out this is unacceptable. I thought I had like 3 more hours to do my homework but nah
4858511,0.051390238,0.9486097,mom come home and purchase a phone for me please i got laid off pity me
5579332,0.051403467,0.94859654,I have so much to do and so little motivation pls help me. Currently drowning my problems in the food network.
5144475,0.051415186,0.94858485,I am now unemployed
4188738,0.051419456,0.94858056,My cat must love that I am unemployed.
5135616,0.051429294,0.94857067,"She gone say she bet I have more money in my wallet than her. Girllll, you don't know what my pockets looking like. I'm unemployed lol."
1713587,0.051434934,0.9485651,I'M GONNA GET FIRED AND GET DEPORTED OUT OF CALIFORNIA!!!! lol
7385307,0.05145144,0.9485486,BTS GONNA GET ME FIRED I'M OUT
7980251,0.051462006,0.94853795,If my boss has twitter and/or looks at it...I will unemployed tmro.
2985522,0.05147523,0.9485248,"ha wow. I feel stupid, forgive me I've been doing to much homework today"
3447667,0.051493265,0.9485068,SIKE U GENUINELY THOUGHT I WAS SAD BUT IN REALITY FL IS OVERPOPULATED W MOSQUITOS AND UNDERPOPULATED OF DECENT BOYS GG
2027491,0.05149413,0.9485059,My manger just drank some of my Arizona without asking me... I'm about to be unemployed.
2748841,0.051507544,0.94849247,maybe staring at things will get the job done ........ nope my room is still a mess
2195476,0.05153756,0.9484625,I'm the messiest mess of all unemployed failures
5676699,0.05154644,0.94845355,Oh no if I get blood work done will my doctor no I smonk weeds
4119795,0.051548935,0.9484511,I sat down 3 hours ago to start homework......5 beers and football later i deem this to be unsuccessful
4987424,0.051554326,0.9484456,I need to smoke sooo bad but I'm quitting.... dilemma
5443671,0.05156097,0.94843906,"I swear I wan unemployed for months and nobody wanted to hang out, but that that I'm busy people miss me."
4624946,0.051577896,0.94842213,Trying to superglue my phone case back together backfired bc now my phone is stuck to the table...sorry mom
7862567,0.051585466,0.9484145,@Nole1989 lol I am in bed just disgusted with myself and sad. And i quit alcohol so I can't even hide from my feelings
7914703,0.05158853,0.9484114,So I'm gunna get fired cause I'm sick.
4496697,0.051617295,0.9483827,ok but why am i the only one in my family getting bitten by mosquitoes
2340277,0.051629912,0.94837004,Well my TV stopped working....
859592,0.05163072,0.94836926,I calle out of work my excuse was diarrhea . . . Tell me why i been on the damn toilet all day !
2108704,0.051648423,0.9483516,"Ahhhh
I feel like I am a really lazy person???? But??? I'm a workoholic???"
8457597,0.05164856,0.9483515,Like??? Grindr is blocked on my work wifi so??? I'm just sitting here suffering.
7732432,0.05164946,0.94835055,I think I just got fired lol.
4972574,0.05166258,0.94833744,100% quitting before I clean up this mans poop that is currently overflowing out of the toilet. Subway no more I am done no way no how no no
8741721,0.051681563,0.9483185,It just hit me right now.. Im unemployed
2212173,0.05168196,0.94831806,"Dude, I've been unemployed for a week!"
2133372,0.051687267,0.94831276,amazingly i am unemployed and the NCAA tournament is occuring and those are NOT the reasons why i started drinking at 6:00 PM today.
279973,0.051691677,0.9483083,"I srsly don't wanna do any homework bc I'm super duper tired, and lazy."
7738211,0.05169252,0.94830745,"Alright I quit,"
312228,0.051697303,0.9483027,Haven't worked out in like 4 months and today that ended. Anndddd I'm dead
4670318,0.05169896,0.948301,maybe I just hard work my butt off for no reason at all maybe its not worth
2789434,0.05170325,0.9482967,"My stream's so bad I thought ""Fonseca"" said ""Francesa"" and I got fired the fuck up for no reason."
3487035,0.051720202,0.94827974,i lied ... a nigga got fired üòÇ oh well
156922,0.05173583,0.9482641,@bwayalex also i am very!!!!!!!! broke!!!!! and currently unemployed!!!!!
8943278,0.05176302,0.948237,I dropped my phone in my moms drink and now nothing works right. I completely murdered my phone üò≠üò≠
7378234,0.051765345,0.9482346,I'm gonna be unemployed in 2 weeks
4428133,0.0517784,0.94822156,Lol I'm gonna get fired.
4417961,0.051787175,0.9482128,I have said that I will stay up and talk to you will you do your homework. But right after that I pass out.....sorry
7592585,0.05180923,0.9481908,"Not kidding, I was just watching a televangelism network to see how psycho they are and my TV inexplicably shut off LOL..Samsung has my back"
6907929,0.051818307,0.9481817,"Well, fucc it. I quit."
3582273,0.05183425,0.9481657,My work pisses me the tf off. I told twice now that my pay is missing hours so it would be right for this check and its STILL not all there
5122517,0.051839396,0.9481606,I'm so bored yo...how do people stay unemployed?
8794783,0.051849708,0.9481503,"yup I'm sick. I blame it on the kids at work. I got the scratchy throat, runny nose and sneezes."
257950,0.051851366,0.94814867,"I Quit YouTube forever because it was extremely bad 4 my health &amp; also almost everybody hated me their too, I had next to no friends."
2156202,0.05186036,0.94813967,When ppl tell me I'm wack bc I quit smoking... Uh no I just got priorities lol
3597879,0.051865675,0.9481343,Someone pick me up from work at 8 I got In an argument wit my mom so I told her not to pick me up.
7880198,0.051870298,0.9481297,My dad is fr tryna sell me his benz... Bruh... I am broke and don't even have a job anymore lol
6742904,0.05187501,0.948125,"Just gonna do my homework in the morning, fuck it!"
965014,0.05187928,0.9481207,I'm unemployed!
3826832,0.0518797,0.9481203,I swear work only ever causes me stress I should of stayed unemployed forever
4722608,0.051888563,0.9481114,#NAME?
4109774,0.05189625,0.9481038,I haven't done my homework lol I'm lazy to do it.
1575028,0.05189969,0.9481003,There is no way in hell I will be homeless I mean people work hard for want out of life some people don't have that drive now days
2422081,0.051905777,0.94809425,"I decided, I will only cuss on social networks lol"
6043960,0.051910624,0.9480894,How'd I go unemployed at the age of 17....
3342030,0.0519121,0.94808793,@Alannasap_ @ThisChrisDoeee no only Chris I'm unemployed still  üò™
6620517,0.051912814,0.94808716,Fuck me. Ugh I quit.
7299612,0.051917266,0.9480828,And... Now I'm unemployed. üëç
7863055,0.051919024,0.94808096,These bitches trying to get me fired oh hell naw!!!! I'm hella piss. Steven better let me go on break.
977584,0.05191913,0.94808084,"Sorry for the rant but fuck my ears, septum and my nose ring. I quit."
6011369,0.051927663,0.9480724,I think I got fired...? üòÇ
4643395,0.051928204,0.94807184,"I'm sorry if i done something like that, i would confess yes i would get fired. if i stoled something like that."
469823,0.051928695,0.9480713,I have ran out of gas in my work truck lol
1929633,0.051929,0.948071,I got yelled at for being in the bathroom too long. Are you fucking kidding me? I could get fired for having diarrhea?
8326601,0.051932085,0.9480679,federal income tax got me fucked up the most taking out $200 like bitch what about ME and the money that I worked for?
3925537,0.05193981,0.94806015,During school I stay happily unemployed until I absolutely have to
1036424,0.051946323,0.94805366,My coworker threatens to put me in the trash...... #umm #wtf
772661,0.051952362,0.94804764,"I'm just gonna quit playing baseball, I suck anyways."
161205,0.051952958,0.948047,"alright i think i am just feeling like shit
and yet
work..."
8958810,0.05196211,0.94803786,It appears I will survive.  It was touch and go.  I am worried about my 7000 dollar deductible and missing work (no money) and school.
5638032,0.05197006,0.94802994,Girl said I snapchat like I'm unemployed lmao
1041715,0.05198163,0.9480184,ok i quit i can't do any more totday i can't look at these videos gifs pics any more tonight if i do i will explode
4213651,0.051985953,0.948014,Dropped the recycling down the stairs at my school.... Yeah me and my friend quit lol never again will we do that
341929,0.051997002,0.94800293,No one amongst my friends (including myself) is unemployed any longer.....this is a sign of the times moving forward.....TO OBLIVION.
1411228,0.052005913,0.94799405,"well, it is official....I am now unemployed....time to freshen up my resume."
7597800,0.0520106,0.94798934,I have zero work ethic right now also I hate my life
3557389,0.05202457,0.9479754,Really wish I was unemployed
6622122,0.05203513,0.94796485,"Wait jk again, I'm unemployed."
7469018,0.052039076,0.947961,I'm probably gonna be up till 1am because I'm a fuckin asshole that procrastinated until the day before school to do their homework.
5193343,0.05203979,0.9479602,... Wait a min... Random thought but ummmm... I'm really unemployed now üò≥üò®üò®... Oh shit lol
3665781,0.052043103,0.9479569,"I would very much like to not work, for a long while. I'm burnt out."
341204,0.05204658,0.94795346,I really just got fired lol.
803535,0.052056175,0.9479438,My best friend / boss fired me on Friday but I guess I'm gonna meet him for a drink right now lol hope he's paying bc I'm unemployed
8594501,0.05206555,0.9479344,Okay I really gotta get back to work now.. I kinda just vanished for like 15 minutes..
7266643,0.052069258,0.94793075,I am dropping all my t-mobile lines. Completely useless network.
7455965,0.05207485,0.9479252,Because obviously i choose to be incapable of functioning. I wake up in the morning and think nah lets just not do homework. Obviously.
3836859,0.052078355,0.94792163,Damn it feels good to be unemployed
8880767,0.052080538,0.9479195,#NAME?
6755707,0.05208645,0.9479135,Sike i'm unemployed üòÇüòÇ
4402602,0.052089244,0.9479107,yo I don't get mad untill someone says something about my idols then I get fired up
7335965,0.05209087,0.9479091,Ok my mom needs to quit accusing me of smoking it's getting old
2617671,0.052105658,0.94789433,I just got so fired up...and someone else probably got fired.
3856359,0.0521126,0.94788736,Stayed at work for like 2 hours after I clocked off ... yeah I have no life.
7408527,0.052114464,0.9478856,Sometimes I wish I was unemployed lmao
855554,0.052115463,0.9478845,Okay I think I'm done. Unless the mall wifi works.. Then I shall complain some more !
2644550,0.0521158,0.94788414,I payed $280 for laundry detergent.. &amp; some Starbucks fruit punch energy drink ‚ò∫Ô∏èüî´ I quit.
5384392,0.052125942,0.94787407,#NAME?
8096195,0.052126586,0.9478735,Somebody Just Fuckin Dabbed On Me Then Trick Shotted Me to Thirst Kill me And I Threw My Controller And Rage Quit... I‚Äôm 9 Years Old Again.
9101934,0.05213494,0.94786507,I'm such an optimistic person and I don't like it haha I was even in a good mood when my check from subway bounced and I quit
3338679,0.052135102,0.9478649,"I'm stressed tf out like I really hate school , all this fucking work just to forget it when I graduate."
2340080,0.05214775,0.94785225,"kill me kill me kkilll meee killll meeee, why the fuck am I so nice?! Now I have to re-shedule shit and ugh I hate myself... and I hate work"
3371713,0.05215099,0.94784904,I am suffering from the effects of I'm single and have no kids therefore I have no life syndrome at work.
2346504,0.052151386,0.9478486,Ok I'm done now.. But I really did almost hurt one of my coworkers just now
1344809,0.05215707,0.94784296,Plans backfired so I took the 40$ I saved for alcohol and used it for gas im so happy rn. This is rock bottom.
4931181,0.052164827,0.9478352,Never will I be out till 5 when I have to work the next day ... Omg I crashed when I got home
8233138,0.052173216,0.94782674,Well...I was gonna work out then I ended up over eating and now I'm laying in bed in a food coma
7911598,0.052179206,0.9478208,"Ugh! Woke up with a sore throat. Just like clockwork, I get sick towards my time off."
1876699,0.05218225,0.94781774,Sorry work I look like a hot mess today and I'm extremely hung over
3547718,0.052192897,0.9478071,Well I'm getting fired :/
214954,0.052195318,0.9478047,I AM OFFICIALLY UNEMPLOYED üòé
4048483,0.052197415,0.94780254,I want to be unemployed for summer..maybe I should start saving up for now so I can be
3031252,0.05220143,0.9477986,my wifis not working and I have no service bc I have t-mobile so fuck me right? Lol
6561597,0.05220225,0.9477977,I hate it when people tell me I'm rich I'm like no I just work hard for my shit.
256636,0.0522103,0.9477897,More homework than I can possibly finish so goodnight I am dropping out.
8283368,0.05221253,0.94778746,about me bc u heard WRONG and bc of that I almost got fired.
3746466,0.05221388,0.94778603,I wish my stream quite being a dick bag not wanting 2 work &amp; kick me out
9350,0.05221871,0.94778126,Smh.  I quit.
5405050,0.05221915,0.9477808,Having a sugar rush üôÑüôÑ hahaha my coworkers think I am drunk or on something. Nope it's just sugar this is how I get.
3904624,0.052219316,0.9477807,Tbh I'm getting mad skinny from work and it scares me.
6395962,0.052219752,0.94778025,holy shit i am so bored this unemployed thing sucks ass
1102858,0.05222003,0.94777995,@CampboyRayRay no I'm unemployed right nowüòÇ I quit
7222549,0.05222218,0.9477778,"~~~tmi this is gross~~~
I thought I had like a mosquito bite in my ear but it was like a pimple that popped which rly HURT &amp; now im bleeding"
2738346,0.052238483,0.94776154,"Hey all you fuckers that say ""AD has ADHD"" No I don't I just took a test that says so. I just hate doing homework and staying quiet."
5124028,0.05224108,0.947759,WTF!?!? my laptop doesn't work. and have strange headache... ughhhh what's wrong with all my things!! so irritated and depressed! sign**
7872308,0.05224563,0.9477544,#NAME?
2260191,0.052251138,0.9477489,Some girls are so fucking lazy....want everything handed to them..cough cough some of my coworkers
1504505,0.052263893,0.94773614,"So I'm ode late to work, my bus almost got into an accident, and some nigga almost fucked up my bus driver just now."
8255253,0.052275933,0.94772404,Meanwhile I'm unemployed. üò•
9118493,0.052278806,0.9477212,"Sooo I called of work, I'll probably be fired. Sorry I'm in a lot of pain."
3282772,0.052279506,0.9477205,Well I am now officially unemployed and sold my car. Thankfully it is all on purpose ahead of my move to Portland.
3925750,0.0522806,0.94771934,I got bit all over by Mosquitos so idk how I'm about to go to the pool looking like a polka dotted freak but oh well
6928234,0.052286204,0.9477138,so I'm gonna try and quit smoking tomorrow. haha fuck me
2244419,0.052286673,0.9477134,So much homework in ib chem like seriously I have a life...no I don't lol but still I am so annoyed atm
3001317,0.05229025,0.94770974,I had a dream I got fired last night lol
4404828,0.05229664,0.9477034,The AC in my car doesn't work either WTF and I'm hella fat right now lol ok it's all the baby but still
1874116,0.052299228,0.94770074,I still can't believe I'm unemployed it feels fake
2398355,0.052307144,0.94769293,Okay so go figure the day before I wanted to start work again I get sick.
581592,0.052310467,0.9476896,@ajsmiless fuck no I think I just got fired today üòÑ
6226363,0.0523161,0.94768393,HA!! RT @JazmineAnt Man I quit!!! Bump this my charger has just left me
4848575,0.052326005,0.947674,5 mins ended up turning into 25 mins bc of arrested development. Now I'm gonna be late to work.
2221667,0.052326974,0.94767296,Dude I'm out. I quit.
659069,0.052341245,0.9476588,RT @MadiGraceNYCD: @TianaLopez_NYCD I was just fired up and I needed to bitch out.
4793557,0.052342407,0.9476576,"Why is my family always asking me for money ? Like stop, none of yall did shit for me when I was unemployed"
1827268,0.052348044,0.9476519,Ugh okay I'm over being fat and lazy I needa wake up early and work the fuck out
2991344,0.05234936,0.9476506,sigh i hate science homework.
1562697,0.052349705,0.9476503,Ok. I quit.
4739909,0.052353334,0.9476467,"If Carl dies I'm going to cry, I'm not even kidding of he dies I'm quitting school"
6493721,0.05235335,0.9476467,My moms taking me to do my recycleüòä(Unemployed struggle)
3585569,0.052358948,0.9476411,Dumped and ENTIRE large tea all over myself today at work....yeah I hate my life.
8958618,0.05236074,0.9476393,it's official every COD is garbage to me. If BO3 is trash I quit.
6896558,0.052370984,0.947629,All I do is sit at home on social networks all day cause its nothing to do here and I have no life.
5495999,0.052380975,0.947619,Hmm let's see how many people ask me if I really came in drunk and got on Friday. WELL IM HERE HOW AM I FIRED #idiots
8933418,0.052381266,0.9476187,Lolllllllllll I gave the bartender at vanity my number I told her I had got fired
7970069,0.0523872,0.9476128,#NAME?
973083,0.052388452,0.9476116,#NAME?
6077294,0.05239054,0.9476095,I'm unemployed as fuck
584473,0.052395023,0.947605,Anyways I‚Äôm bitter and unemployed so I‚Äôm gonna go kms bye
5528587,0.052399818,0.9476002,I am self-employed... considering getting laid off this morning.
3208000,0.052402575,0.9475974,Now i wanna go to school but can't cuz i did no homework whatsoever.
6804932,0.052404895,0.94759506,"Here I am unemployed, but who ever wrote that Brittney Spears and JJ Watt joke is employed. What's wrong with the world?"
550774,0.052409813,0.94759023,Ever since I've been trying to quit smoking cigs I've been coughing up straight grey chunks. It's fucked up.
155152,0.052410986,0.94758904,I may have enough savings to last a few months unemployed
8690858,0.052412387,0.94758755,ok i'm quitting social networking i can't
7857665,0.052414488,0.9475855,Oh my god yes they finally turned on the AC @ My bldg 4 the season! Finally something has gone right now that I'm #UnEmployed ^AAD
1292538,0.052414652,0.94758534,Haven't gone home frm work and I clocked out at 11pm last night.. I'm drunk about to get raped somewhere
7932233,0.052415445,0.94758457,"Coworker wants to get mad at me cause I was explaining something and he cut me off. I said ""OK I guess I can't talk"" and throws a fit."
5502966,0.052416485,0.9475835,"Holy fuck, I'm unemployed. YAY!!!!!!"
2841381,0.052427165,0.94757277,Lmfao but I admit I was scared af üòÇ &amp; I didn't do homework lmfao oh yeah I thought I was screwed üò©üòÇ
6168040,0.052431826,0.9475682,I was just bored af like 10 minutes ago now I done made so many before work plans I'm finna have to cancel some.
9136320,0.052435342,0.94756466,"Fuck this job

Jk. I'm poor as shit"
3923795,0.052438878,0.94756114,realizing its not even bad I quit.. I only had like 3 friends in here anyways
8588965,0.052444704,0.94755536,"update on my life: i split my lip trying to eat a bagel
conclusion: i need to drink more water and im still a mess im sill unemployed im st-"
3596568,0.05244599,0.94755393,Why does everyone wanna see me unemployed?
117534,0.052446976,0.947553,I tweet so much because I'm currently out of and school and unemployed.... Don't worry I'll go back MIA in January
7078544,0.052451093,0.9475489,"When you're giving away 80% + of your income, what's the point in working? I should get on welfare &amp; live it up! I enjoyed unemployment."
4648560,0.05245424,0.9475457,"Hulu is playing games rn, i quit."
5626334,0.052457772,0.9475422,Dropped my phone in the toilet at it works fine. Also I am my phone smells like toilet lol
8312352,0.05245958,0.94754046,I am officially an unemployed woman
7640971,0.05246971,0.9475303,"Being unemployed is truly ""boring'.. I need to start the next chapter soon..."
8251688,0.052479215,0.9475208,@Fabster3000 I'll get fired lol
2433980,0.05248175,0.9475182,"lol I'm really sick you guys, i have a fever, i threw up in front of my coworkers and dry heaved for about 5 mins"
1494559,0.052483235,0.94751674,"@Remccall10 true, I got ""fired"""
6090305,0.05249183,0.94750816,I'm p drunk. And I just got off Skype with Ronan and before that I was popping fire works. And I crashed kntl car
5443300,0.052497026,0.94750303,I wanna be unemployed again .... #slave üòî
3301268,0.052497026,0.94750303,"Sometimes I want out of this fucking world, This ""world"" does no work...this world just disappointed...sometimes I get sick for all."
7041582,0.052497685,0.94750226,#NAME?
3339939,0.052501127,0.94749886,Someone is going to go too far for a joke with me and I'm going to get myself fired I know it lol
7046173,0.052502193,0.9474978,"I coughed a couple of times and swallowed and yep, I feel it coming on; cmon man why the last night before I leave and I have work after"
6164852,0.05250271,0.94749725,Man I feel like calling the quits. My life so fucked up all I can sit and do is ask myself why me. I try so hard and get no fucking where.
7325452,0.05250369,0.9474963,Being unemployed is the best thing I know
5620676,0.052505184,0.94749475,Alright I Quit. I Quit. No One has Bigger Balls Than Jacoby. I Quit.
6185107,0.052505817,0.9474942,Quitting smoking is bad 4 my teeth cuz I've been sucking on Tootsie Pops like they were cigarettes LOL.
9017767,0.052513465,0.9474865,"I'm actually quite..,no absolutely...just yeah I'm black out"
7289212,0.0525169,0.9474831,I just fucked up so bad at work and I'm sure @Bitchesepilogue hates me.
3412315,0.052518584,0.9474814,So tired that I made myself coffee and I had quit coffee for 3 weeks... (Yes it's a drug)
1717743,0.052525435,0.94747454,Welp I over slept and now am late an hour for work
3868870,0.05252558,0.9474744,I gotta get off here yal gone get me fired lol
8423718,0.05253094,0.9474691,@KEEMSTAR I just lost my job and am about to get evicted from my apartment because I'm 2 months behind on rent and my electric bill
1797950,0.052538686,0.94746125,I'm supposed to wake in 2 hrs to get ready for work. Ok soo... I'm dead
8086696,0.05253938,0.94746065,P sure I'm gonna get fired hahaha
882390,0.05254051,0.94745946,nah I ain't cause imma get fired if I do lol but I am fed up.
100474,0.052547757,0.9474523,"well today is an embarrassing day, almost passed out at work and got sick"
7838082,0.05255365,0.9474464,I need someone to show me a funny picture or tell me a joke cuz seriously these papers are quite depressing.
6732551,0.052553546,0.9474464,"Quitting smoking hour 2407: I am so fucking constipated I may explode. Also, I am equally attracted and repelled by smell of smokers."
5486594,0.052555412,0.94744456,"....I quit, just gonna turn my phone off now."
621476,0.052555624,0.9474444,#NAME?
2233173,0.05255911,0.9474409,So uhh.. I quit my job.
1620685,0.05256533,0.9474346,I'm just sitting around doing nothing acting like I've done all my homework lol....I've kinda done that all school year long.
7427899,0.052568525,0.9474315,"I just commented on a furiously racist newspaper article and Twitter, quite without my instruction, retweeted it to my feed. That's pretty gross."
7540530,0.052568793,0.9474312,"@CayceeBregel I had to go so bad I couldn't hold it. Ps yes I puked I had to sober up for work today, but I just wasted my sandwich instead"
8768381,0.05256901,0.94743097,when I am tired my brain stops working and I mess up everything...oh well...
7958764,0.052570667,0.9474293,I peeped. &amp; i quit.
8606134,0.052572522,0.94742745,#NAME?
710571,0.052577265,0.94742274,@kerrijersey thamk you!  All bx I knew Iif I drank anymore I would be sick. Barium is gross! I worked my tail off to keep the 2 1/2
5079406,0.052582525,0.9474175,U know I'm unemployed that's y I ain't been sleep yet üòÇüòÇ
7663791,0.052589007,0.947411,I asked work to send me home an hour early and they send me home 4 hours early like why.... Of course I'm gonna leave tho
5123741,0.052591365,0.9474086,I jus dumped my gf cuz @KeyshiaCole retweeted me I told it it want work I should of been cheated lol
5159222,0.052592494,0.94740754,@nyangelinajolie WHEN I HAVE MONEY AND NO SCHOOL!!! MAYBE!! I DON'T KNOW I'M UNEMPLOYED
1923589,0.05259267,0.94740736,Nigga ion fuck widd nobody NO more ... I have changed bc be I left I would be gone and no I'm home like blahhhhhh I need a job.
896779,0.05259747,0.94740254,Bruh I hate Tf out of my apts how Tf the hot water don't work rn
6150053,0.052597754,0.9474022,I had never everrrr cracked my screen and I just dropped and cracked my phone and its not working :-) :-) :-)
7457788,0.05261186,0.9473882,"Happy Friday y‚Äôall!
I just got fired."
6603029,0.05261959,0.94738036,Today is probably the day Twitter gets me fired.
5429097,0.05262062,0.9473794,Y everybody keep saying they hate me?.. Next person say they hate me getting fired on
4120172,0.052621998,0.94737804,Sorry teachers I didn't do my homework because I was busy being a gangster
5297632,0.052626096,0.94737387,I'm unemployed damnit. I just want to sleep
2590071,0.05262855,0.9473715,I am no freakin longer unemployed
7862562,0.05262887,0.9473712,#NAME?
6244385,0.05263141,0.9473686,BEEN BLOW DRYING MY HAIR FOR AN HOUR NOW OMG MY NECK IS ABOUT QUIT LIFE AND MY ARM IS DYING
5130402,0.052633688,0.94736624,I'm done. I quit. I'm just gonna cry everyday for the best 3 weeks.
4788240,0.052639544,0.94736046,I complain about homework so much lol anyway I hate homework
1523752,0.05264665,0.9473533,I'm so irritated I crumpled up my math homework and I'm starting over. Lol. Idk what my problem is but I fucking dislike it.
1998003,0.052651104,0.94734895,"This is why I quit swimming omg I hate ear infections, I‚Äôm literally tearing up from the throbbing perpetual pain"
1643355,0.05265284,0.9473472,"@MaxTushla mmmhmm I should quit breathing I'm so awful. Make up for my awful ""mistake"". Disgrace to this human race. How am I still alive?"
9193463,0.052653167,0.9473468,Wish I was an unemployed low life receiving money from the government so that I could be enjoying a beer &amp; the beach today.. Kidding...sorta
1555621,0.05265735,0.94734263,Finally off work mo Tf my legs ready fall off how ima get home with no legs? Ima have to walk on my hands to my car
6289210,0.052658115,0.94734186,"bro, i gotta combined 11 mosquito bites on my legs, dang I am attractive in one way i guess."
7765670,0.052659485,0.9473405,As a teenaged unemployed artist I feel like cost of supplies and equiptment is directly to blame for my lack of portfolio
2070580,0.052659962,0.9473401,"Clocked out and went to take my work shirt off on the way out,
Forgot I didn't put a tank on this morning and blinded old people with my bod"
985146,0.052664492,0.94733554,"I wanna get turnt tomorrow, it's the last day I'll be unemployed!"
6378399,0.052673105,0.9473269,I'm at the barber late to work... Its pointless to go for four hours!  But still going waste of my gas
8678495,0.05267425,0.9473257,I look like hell...I feel like shit...I think its time i call it quits...Yea its time to take my drunk ass home
6738142,0.052677874,0.9473221,Just laid in bed and screamed because I am 393800% DONE with homework right now.
9066421,0.05267839,0.94732165,Welp... my manager just got fired.
8017189,0.05267909,0.9473209,"i want to post a rant about shit but

nah

too much work ill bottle it up and use it in violent outbursts later"
4714796,0.05268793,0.9473121,What can i do? Nothing cause I'ma broke working man
5211565,0.05268874,0.9473113,i just wanna quit school my favorite teachers are leaving and my friends dont like me anymore complain whine cry sigh
6501952,0.052694783,0.94730514,I really stay getting deleted  blocked on social networks . Its hilarious
5438205,0.05269694,0.94730306,Well I'm unemployed and can't even get people who hate me to do things
1174457,0.052698474,0.9473015,"My bank account is looking really sad, not working all summer really fucked me over"
7696324,0.052703522,0.9472965,I've been unemployed for two days and I already hate myself haha yaaay
4179833,0.05270419,0.94729584,I worried and worked myself into getting sick. I suck.
983914,0.05270851,0.9472915,Y'all I almost got fired....lol
873503,0.05270974,0.9472903,"i'm serious guys, about to be unemployed again."
2993059,0.05271293,0.9472871,I be working my ass off at work then I go to school and be lazy as fuck... Lmao tf wrong with me.
5481877,0.052713595,0.9472864,Because in my house its apparently its too much fucking work to put the toilet roll on the holder...
2216284,0.05271488,0.9472852,Long day man long fuckin day thinkin bout deleting all this social network shit it does  nothing but distract me and waste time
342469,0.052715264,0.94728476,I need my financial aid from school because my card is not working! Likw fuck I'm poor &amp; I need gas
3922077,0.05271557,0.9472844,Chicago killed my bank account...I'm quite depressed lol
3220694,0.052726284,0.94727373,"I could watch the price is right all day and night, I'm like a middle aged unemployed man"
6364536,0.052727573,0.9472724,"Alright I quit for the night. Long day tomorrow. Good thing I have no boo, they would get zero time from me lol."
1838243,0.052733336,0.94726664,Why do I even have social networking?? Nobody likes me anyways.
476558,0.052739646,0.9472603,How can ppl sit home all day happy...with no job no school no life I get depressed when I'm off shit
6388673,0.052740436,0.9472596,RT @ValentyneDreams: A handful of 'Trolls' (term used loosely as real Trolling seems to be a lost art form) don't seem to realise I am quit‚Ä¶
6428601,0.052744757,0.9472552,well i just drove 2 hrs cause i am an idiot and left my work ID in Maryland.
3072905,0.0527451,0.9472549,"I wasted my weekend, I should've gotten all my work done but I'm a lazy sloth that procrastinates all the time"
3546976,0.052750092,0.9472499,Maury my people's...I feel so unemployed
2301044,0.05275406,0.9472459,I got fired today! :(
1194868,0.052757222,0.9472428,Some salesman shook my hand randomly and said alright bye i got fired like why you gotta make me feel bad
6981916,0.05276033,0.9472397,RT @littlejagiya: My mums accusing me of shit. Telling me my laptop never actually crashed I just didn't do any work like what the fuck? I ‚Ä¶
2396983,0.052762277,0.9472377,I've been unemployed for about a week &amp; I hate it
7394905,0.05276344,0.9472366,Pretty much sure I'm getting laid off cause my boss be sending me home early..
2875996,0.05277558,0.94722444,lol I'm deleting my social networks......I feel old
1879357,0.05278159,0.9472184,so I'm driving home from work right...alllll my hear is POP! I look down at my floor on the passenger side and see wadded up piece of..
7524383,0.052790042,0.94720995,"Three hours into ""Quitting Smoking"" attempt #291,291 and I have already turned to ""whining about it on twitter"". Pathetic."
8515975,0.052793168,0.94720685,This bitch said I'm lame because I go to work everyday.... I'd rather be lame than join the unemployed welfare club
3615023,0.052794788,0.9472052,I quit but shit I might get high with oomf.
3567707,0.052797396,0.94720256,"Alright my tweets are getting weird, calling it quits!"
4128215,0.052805506,0.94719446,So if I just sit here and ignore my homework it will go away right? #please
749947,0.05280989,0.9471901,Now why would my mom call me at work to complain about laundry? Like lemme clock out and go home to get this done! Ugh end rant
2857508,0.052811947,0.947188,I'm getting off twitter &amp; Emily is fired. That is all.
1950779,0.05281668,0.9471833,i'll just  tak the drop f get me out of creative writing i'm a quitter i hate english and i hate writing.
557256,0.05281865,0.9471813,Haha so I bugbombed my room to get rid of the mosquitos but now my room is hazardous and my computer is in there
6879127,0.05281896,0.9471811,"My neighbor wanted 2 know if I wuz 'Laid Off'' lik him. I said no, I get paid off....."
378310,0.052820604,0.9471794,üòÇüòÇOkay I Quit. I Got Mad For A Moment
8307331,0.052821297,0.9471787,Am I that unnecessary? Does anyone give a shit anymore!? I work my ass off for nothing and I grow and I have no one who cares.
5206420,0.052834854,0.94716513,"I should probably start on my homework now... Oh look my phone! 

Wait what was I gonna do again?!?"
4223919,0.05283566,0.9471643,"This ""break"" has sucked bc all I have done is worked like a slave and gotten sick."
4238763,0.052837804,0.94716215,@ToiWeezy got damn right i had been drunk since Thursday by then lol @DjRhated_R was working so I was üò¥üò¥ I aint shame!
1213106,0.052840557,0.94715947,#WhenImFuriousI totally shut down and get quite then if possible smoke my whole bag of weed till im good
5197179,0.052840468,0.94715947,its been a month that i got fired.
2594807,0.0528438,0.9471562,Ok honestly though what's the point in doing my homework the world is gonna end anyways
3821105,0.052843913,0.9471561,"Lol @ my ""friends"" for calling me ugly. I'm actually quite fucking done."
6883580,0.05284807,0.9471519,I wanna smoke.. but then I quit smoking.
9001320,0.052851256,0.9471487,I wanna go out but I don't know what to do I didn't get home til 3:30 am woke up at 9:30 I put in my work then had shake shack now I'm bored
1111610,0.0528575,0.9471425,I am currently unemployed. Can I qualify for welfare?
8915195,0.05285898,0.947141,AND my job messed up my paycheck. Like damn I know yall are cheap but come on.
4076804,0.052860886,0.9471391,"My co-worker: ""Whats the difference between me and Santa Claus?""

Me: ""Idk what""

Him: ""Santa Claus stops at 3 ho's""

I am no longer living."
43258,0.052861825,0.9471382,I am no longer a high school student. Now I am an unemployed bum who still lives with his parents.
3533936,0.052862108,0.9471379,Kevin left christian left jorges gone till like 8 justins leaving like 6 ahmed probably got work adams a bum who am I left with today
1670480,0.052862775,0.94713724,"It‚Äôs almost Furlough Friday, my friends! 
At 12:01am I go unemployed... 
#LoveCongress"
1191927,0.052869726,0.9471303,My phone died and my chargers don't work.... Wtf
6808301,0.052874167,0.9471258,"@thmhuimin @_AWildMeAppears @Yoops3 I wish,had a drink(or 10) too much, came home at 3am ""tried"" to sleep...didnt work I'm like a zombie now"
984811,0.052875802,0.9471242,Oh who am I kidding...I can't do homework.
3861782,0.052876644,0.94712335,@Ian_Moooore I got fired lolol I don't have money
5318295,0.05288157,0.9471184,Just as I thought things were going better I get slammed with a credit card payment going out twice. I quit.
3847241,0.052883077,0.9471169,I need a job man! I hate being broke.
3900846,0.052883577,0.9471164,Well. Nobody cares about me.. So ima just quit and just idk probably take my depressed self some where else.. I'll probably be back Friday
7468817,0.05288818,0.9471118,I'm still not doing my fucking homework tomorrow so yay no school
9037999,0.05288903,0.94711095,#NAME?
364887,0.05289165,0.9471084,Homework??? Nah I'm tired
7082934,0.05289604,0.947104,Lol alright I'm just tweeting random shit now because I fucked around and took a preworkout at like 8 and all the caffeine is still kickin
1427265,0.052898504,0.94710153,@SJohnsonThatsMe @shameyseamus i was like i should go workout &amp; then i was like lol nope probs gonna throw up on everything
657287,0.052902598,0.94709736,#NAME?
1152839,0.05290418,0.9470959,Procrastinating on homework by just packing more shit. Lol I don't even move for another 4 weeks.
8751029,0.052904475,0.9470955,ugh i'm stressing over being lonely and unemployed again i don't fucking need this
2591938,0.05290512,0.9470949,Feels so weird being unemployed ü§ï lol
3295460,0.05290682,0.9470932,"Got to work and...

1. Discovered my trousers are rather on the short side now

2. Lost top button of shirt somewhere

3. Internet is slooow"
497544,0.05292632,0.94707376,"Okay, maybe I have become more agitated, angry, temperamental and annoyed sense I quit smoking... That is all."
2231042,0.052926555,0.9470734,i was waiving at someone and my dad told me to quit acting like a idiot well ok didn't know waiving at people was acting like a idiot
2270017,0.052927546,0.94707245,No never mind.. I quit.
6969442,0.052931063,0.9470689,Kind of confused as to how when I'm having a bad lupus day and worked 8.5 hours; I come home to get bitched at while my unemployed sis sits
1534253,0.0529318,0.94706815,I feel happy at one point and them I'm like wait I'm not supposed to be happy. I'm a college student who is broke and doesn't have a job :(
2722400,0.052935407,0.94706464,Bruh  I still ain't do homework .
3409285,0.052941617,0.9470583,Still up like I'm unemployed üò≥
7200086,0.052942,0.947058,"My phone fell in the toilet

I'm drunk but it's okay

It still works"
3663014,0.052947532,0.9470525,I got fired...
8076025,0.052954577,0.9470454,Why has it been almost 3 years since I graduated H.S. &amp; I still haven't found a job?! I'm like the only person outta my friends unemployed.
7309595,0.05295845,0.9470416,"when my mom comes home like ""sabrina where are the drinks i just got fired lets turn shit up"" LOL GOODBYE"
2764014,0.052959096,0.9470409,Now I really can't sleep. Debbie can I have the day off of work even though I am here in Florida.
8228183,0.052973207,0.9470268,#NAME?
8087750,0.052984525,0.94701546,I am sooo fucking bored. I need to go back to work üòí getting sick fucked up my cash flow.
2794303,0.052989833,0.9470101,I was trying to quit smoking now I'm compromising by not inhaling.
2933234,0.052994657,0.9470053,Well...i get paid on friday RT @EgocentricM3: I gotta be up at 5:45 for work ugh i need to go back to prostitution
4495945,0.05299619,0.9470038,"I hate late hours like this, I get in my feelings bc I'm still unemployed"
118759,0.052998353,0.9470017,I wanna do workouts but i'm just too tired atm.
8931519,0.05299935,0.9470007,"OK so I have study hall for five hours now. I can't leave, and I don't have any homework. I don't even know what do do anymore."
4337599,0.052999314,0.9470007,Yes awesome I get blamed now because other people didn't fully do their jobs...any other bullshit to throw at me today world?
3563871,0.05300182,0.9469981,My friends group has me in an awkward position atm. Plus I really have been feeling my continual downward spiral lately.
969668,0.053004462,0.94699556,I could put a down payment on a house with the amount of money I just paid for textbooks.. I quit school
4116947,0.053007357,0.9469927,HDMI Cord Doesn't Work.... I Hate Life.
3228847,0.053008456,0.9469915,"Pimps up, Internet down. If I can't do no work I'm gone drown."
5687283,0.053009976,0.94699,I did homework not due for 2 more days. What have I become?
5906752,0.053010922,0.94698906,"This whole week, everyday I've told Momma Brown I'd do my homework. No school. No homework... well I have homework just haven't done it..."
7892989,0.053012203,0.94698775,I honestly hate my job someone threatened to kill me bc I was gay
3942086,0.053014517,0.94698554,I'm unemployed
749721,0.053015254,0.94698477,5 more laid off.. that i know of.. add that to the 17 from last month. I am starting to realize that i have a false sense of security here
6933790,0.053015564,0.94698447,Yay I'm off work.
2147867,0.053018913,0.946981,"Lol I quit trying a while ago with ""friends"" who just used me all the time"
3567819,0.05302052,0.9469794,Best believe if i am stay fit working out and shit....I will NOT date a fat or suppose to thick girl ...and I don't give 2 +2 fucks
6279773,0.05302089,0.9469791,I been counted out I been stepped on. I was wide awake and got slept on. I had everything and then lost it I worked my ass off I'm exhausted
5429720,0.05302116,0.94697887,Im high &amp; shit so I quit . Lol
40079,0.053021103,0.94697887,Off work finally omg I never get days off.
992519,0.05302166,0.9469784,All these distractions kept me from submitting my homework on time ugh I hate life.
2157752,0.053029187,0.94697076,#NAME?
1024550,0.053033736,0.9469663,I wish it was Friday.. I really hate work.
7920130,0.05303764,0.9469623,"Ohh apparently I, ""had an attitude after I told Bryonna to shut up because I was doing homework.."" OKAY, I'M PISSED DUHH!"
1808696,0.053040527,0.94695944,RT @murrman5: I sniffed my work shirt to see if it was too dirty. Unfortunately I work at a chloroform factory and woke up 6 hours late for‚Ä¶
3898179,0.053040527,0.94695944,RT @murrman5: I sniffed my work shirt to see if it was too dirty. Unfortunately I work at a chloroform factory and woke up 6 hours late for‚Ä¶
8679406,0.05304113,0.9469589,"It is true, I lost my house, my wife, had no job, had to move in with my dad, was on welfare for a while, was depressed."
8076715,0.053043284,0.94695675,"Woo! Summer vacation! 

Err...umm...I mean my project is over and I officially laid off... Woo?"
3712434,0.05304344,0.9469566,#NAME?
5093380,0.053044323,0.9469557,Fever headache I feel weak and I feel like I may pass out. ....an I still got work tomorrow
4054671,0.053047776,0.9469523,Ugh I can't believe this happen again #MyJob I might as well be fired smh...
6204858,0.053054955,0.946945,"Alright, party's over. I have to do work now and I can't be available ATM."
2907765,0.05305655,0.9469434,"Interesting Meli Ann Fact: For some reason, I am not appealing to Mosquitos"
381248,0.053062197,0.94693786,"ok i actually hate schooooooll WOW IM QUITTING 
i drop out like rn i.. bye"
5197102,0.053063236,0.9469368,I tried to do my math homework but I'm to stupid so I stopped.
2467950,0.053063493,0.94693655,ugh i came home from work and passed out for 5 hours. i need to return phone calls //face in hands
8656999,0.053064898,0.94693506,Some times I wish my job fire me so I can get unemployment and just finish school
4436499,0.053065665,0.94693434,@olgamtorres well I mean I didn't have any money... and I had work in the morning
4620420,0.05306847,0.94693154,So I have to wake up in like 3 hours... Nbd #cantsleep #sleep I gotta get up and excercise and do homework ugh im might skip it
5232883,0.053070243,0.9469297,#NAME?
4873656,0.053071238,0.94692874,I can't be unemployed lol I like money too much
6746701,0.053078864,0.94692117,"I wish someone would pay be $150,000 a year to stay unemployed"
7257993,0.05308014,0.9469199,Ok now my 360 works. I'm scared.
5570952,0.053084455,0.9469155,I hurt everywhere and I'm still doing homework. Being sick while in school sucks ass.
7055539,0.0530869,0.94691306,#NAME?
7913084,0.053093523,0.9469065,Can't find my wallet....please please please say I left it at work
6852939,0.053095315,0.9469047,I unfollowed mad people by mistake... I found most of yall if not let me know my apologizes I blame working to Much
1583558,0.05309564,0.94690436,A bloody tampon left in the toilet in the only bathroom at work............. Sometimes I really hate the women body.
5230060,0.053100724,0.94689924,So its ok 2b pissed abt losing my job isn't it?
5795915,0.053111967,0.946888,#NAME?
1395259,0.0531209,0.946879,I fucked up and didn't pre order fire emblem fates the special edition. Smh been too preoccupied with work and other life now I'm depressed.
8586042,0.05312411,0.9468759,#NAME?
722796,0.053126108,0.9468739,@AndyTheRealMcD well lost my flash drive that had nearly 10 hours of info systems of homework and failed a test miserably thinking about it
616160,0.053126175,0.94687384,RT @Iostcovers: day 3 of not doing homework because I have no motivation
8914627,0.053129636,0.9468704,RT @_believee_: none of my ex's can say I did them bogus. Cause after THEY did me bogus I still tried to work shit out. If we didn't work i‚Ä¶
4422589,0.053131383,0.9468686,#NAME?
990982,0.053138703,0.9468613,Oh btw I quit smoking again (weed)
8721367,0.053138725,0.9468613,Yay! I'm no longer unemployed!
3950735,0.05313992,0.94686,I fucked up this tweet three fuckin times lmao I quit it's not even funny anymore
4702383,0.053140137,0.94685984,@mklizack87 @khscar12 I might get fired cause I'm so hype lol
7190174,0.053140957,0.94685906,So #fucking #annoyed with myself got to home and fucking just realized I left not only my I'd at work but my arm card as well blah! I have $
2228433,0.05314093,0.94685906,Wow jeremias didn't know I got fired haha
2571424,0.0531458,0.9468542,I was like man y'all is going to get me fired man üòÇüòÅüòÇüòÅüòÇüòÅüòÇüòÅüò≠üò≠üò≠ üòÇüòÅüòÇüòÅüòÇüòÅüòÇüòÅ.
1135291,0.05314857,0.9468514,Man I'm happy af I'm off work .
4023113,0.053151105,0.9468489,I'm so burnt out. I feel depressed and don't want to go to work or school.. /:
2436633,0.053155355,0.94684464,I have about an hour left of being an unemployed person what should I do with that hour?
5301634,0.053156633,0.9468434,@lizomndza I think I'm actually fired now
8377739,0.053159855,0.94684017,Man I just keep getting worked üëÜ. Why tho I will never know
1187909,0.053161882,0.94683814,Unemployed so I guess I'm successful.
8567771,0.05316268,0.94683737,I haven't smoked a single cigarette today... I think this time I'm legit quitting.
5080092,0.053163733,0.9468363,I didn't do any homework lol I hate myself
4378010,0.05316451,0.94683546,My stomach is so congested with smoke cigs are killing me its so hard to quit to I frl wish I never touched one but that's life.
7106664,0.053167496,0.9468325,"really, ""I think"" lol. I quit ."
6861815,0.05316764,0.94683236,Ok I think I'm done working... I'm going to bs until I get off
7119921,0.053169373,0.94683063,@Ant_B_Lopez lol I'm a broke boy and owe on my car I have now and even used ones are still around 30k so I have negitive quity
1622469,0.053169943,0.94683,instagram /still/ won't work. i am distraught
6851582,0.053173237,0.9468268,#NAME?
2087191,0.05317523,0.9468248,Well damn I got fired lol
8399722,0.053175975,0.946824,I'm unemployed and I live with my parents.
6631233,0.053178065,0.946822,they're nasty. stink. terrible for my poor lil ole body. I quit.
8064456,0.053178817,0.94682115,Confused because people tweet about having lots of homework....I don't even know what homework is?
7528254,0.0531826,0.9468174,that was the lamest dive ever I'm sorry but I just... I quit
4157271,0.053183164,0.94681686,@SancerOttOtt @KravenLupei I'm sitting on the toilet shitting at work and feeling sick and hungover
3208235,0.053184856,0.94681513,I quit smoking weed almost two years ago. My mom just Asked me what was wrong with my eyes? It's fucking Monday? I'm tired af? Fuck off.
1854164,0.05318674,0.9468132,"imma delete all my social networks , they ain't nothing but mess ."
2226289,0.0531883,0.94681174,I can't get crispy &amp; tweet bc I always end up deleting everything I should quit baking
5483721,0.05319024,0.9468098,My friends get mad about working at 9 and staying up until 1.. I stay up until 5 and still accidentally wake up at 7:30 fuck sleep
72740,0.05319334,0.9468067,Lol I've had 4 days to do my homework and I still haven't done it
7654156,0.053194728,0.9468053,"Fuck you rain! Go away, I'm trying to go to work."
7084110,0.053197563,0.94680244,Now that I got laid off I still.don't have a life! What the hell is wrong with me? I shower daily
5742626,0.05320319,0.9467968,Wow idk why I am so axnious to be off work rn lol I am litterallly not gonna do anything when I get home.
5894742,0.053205676,0.94679433,"I :hat  these stupid social networks , I just get on cuss I be bored"
2211934,0.05320927,0.94679075,Damn I'm tired and I still gotta do homework like wow life sucks at times
3569206,0.053210147,0.9467898,@RandallSimental I got fired üòÇ
9153417,0.05321526,0.9467847,Underwork binders succccks I am bruised all over
339460,0.05321557,0.9467844,Y'all just wanna keep up with ppl on social networks that don't give a fuck about y'all anyway. My rant is over lol.
618899,0.05321653,0.94678354,My works internet is down. TO FUCKING SMOKE WEED DOG!
5655329,0.053216584,0.9467834,Well not hate but I do find her real real fuckin annoying. Like I want her fired annoying lol. I'm sorry üò≠
8374340,0.053218316,0.9467817,I'm jobless now.
6866318,0.05322079,0.94677925,I have I go to work shortly and I just realized the kitchen sink is leaking and flooding my kitchen.
1967695,0.05322346,0.94677657,I have decided to quit school and become a cannibal.
4995138,0.05322367,0.94677633,Sonita gone ask me am I coming home from work.. like I dontt have a life.
6100011,0.053224057,0.9467759,Everytime I try and quit smoking I end up back smoking smh. Want to quit but I cant.
656359,0.05322545,0.94677454,I'm mad bored at work. I've been prank calling mad people none of them successfully because I end up laughing. Lmao I'm mad childish
3260163,0.0532266,0.94677335,Called out and took some PTO. Fuck it. I‚Äôm sick and have been working like a slave thru it all. I just need a day.